,episode,make_span,reward,min_make_span
0,0.0,224.0,-58.94736842105261,224.0
1,0.0,215.0,-56.578947368421055,215.0
2,0.0,218.0,-57.36842105263161,215.0
3,0.0,223.0,-58.6842105263158,215.0
4,0.0,206.0,-54.21052631578947,206.0
5,0.0,226.0,-59.473684210526315,206.0
6,0.0,190.0,-50.0,190.0
7,0.0,200.0,-52.63157894736842,190.0
8,0.0,225.0,-59.210526315789465,190.0
9,1.0,218.0,-57.36842105263157,190.0
10,1.0,219.0,-57.631578947368425,190.0
11,1.0,207.0,-54.47368421052631,190.0
12,1.0,210.0,-55.263157894736864,190.0
13,1.0,221.0,-58.15789473684211,190.0
14,1.0,207.0,-54.47368421052631,190.0
15,1.0,206.0,-54.21052631578949,190.0
16,1.0,218.0,-57.36842105263157,190.0
17,1.0,202.0,-53.1578947368421,190.0
18,2.0,210.0,-55.26315789473685,190.0
19,2.0,198.0,-52.10526315789475,190.0
20,2.0,209.0,-54.99999999999999,190.0
21,2.0,187.0,-49.21052631578948,187.0
22,2.0,210.0,-55.26315789473684,187.0
23,2.0,216.0,-56.8421052631579,187.0
24,2.0,210.0,-55.26315789473684,187.0
25,2.0,209.0,-55.000000000000014,187.0
26,2.0,193.0,-50.78947368421053,187.0
27,3.0,191.0,-50.263157894736864,187.0
28,3.0,219.0,-57.631578947368425,187.0
29,3.0,198.0,-52.10526315789474,187.0
30,3.0,211.0,-55.526315789473685,187.0
31,3.0,204.0,-53.68421052631579,187.0
32,3.0,198.0,-52.10526315789473,187.0
33,3.0,203.0,-53.42105263157896,187.0
34,3.0,189.0,-49.736842105263165,187.0
35,3.0,203.0,-53.42105263157895,187.0
36,4.0,227.0,-59.736842105263165,187.0
37,4.0,213.0,-56.05263157894737,187.0
38,4.0,208.0,-54.73684210526315,187.0
39,4.0,189.0,-49.73684210526315,187.0
40,4.0,206.0,-54.210526315789494,187.0
41,4.0,188.0,-49.473684210526315,187.0
42,4.0,208.0,-54.73684210526318,187.0
43,4.0,214.0,-56.3157894736842,187.0
44,4.0,198.0,-52.10526315789471,187.0
45,5.0,192.0,-50.52631578947369,187.0
46,5.0,198.0,-52.10526315789475,187.0
47,5.0,207.0,-54.47368421052633,187.0
48,5.0,194.0,-51.05263157894736,187.0
49,5.0,191.0,-50.263157894736864,187.0
50,5.0,206.0,-54.210526315789494,187.0
51,5.0,197.0,-51.8421052631579,187.0
52,5.0,198.0,-52.10526315789474,187.0
53,5.0,199.0,-52.36842105263159,187.0
54,6.0,205.0,-53.947368421052644,187.0
55,6.0,202.0,-53.15789473684211,187.0
56,6.0,204.0,-53.684210526315795,187.0
57,6.0,188.0,-49.47368421052631,187.0
58,6.0,202.0,-53.157894736842124,187.0
59,6.0,185.0,-48.68421052631579,185.0
60,6.0,188.0,-49.473684210526315,185.0
61,6.0,198.0,-52.105263157894754,185.0
62,6.0,205.0,-53.947368421052644,185.0
63,7.0,206.0,-54.210526315789465,185.0
64,7.0,202.0,-53.157894736842124,185.0
65,7.0,194.0,-51.052631578947356,185.0
66,7.0,201.0,-52.894736842105274,185.0
67,7.0,187.0,-49.21052631578947,185.0
68,7.0,222.0,-58.42105263157895,185.0
69,7.0,205.0,-53.94736842105264,185.0
70,7.0,201.0,-52.89473684210526,185.0
71,7.0,202.0,-53.157894736842124,185.0
72,8.0,194.0,-51.052631578947356,185.0
73,8.0,194.0,-51.052631578947356,185.0
74,8.0,211.0,-55.526315789473685,185.0
75,8.0,199.0,-52.36842105263158,185.0
76,8.0,208.0,-54.736842105263186,185.0
77,8.0,217.0,-57.10526315789473,185.0
78,8.0,212.0,-55.78947368421053,185.0
79,8.0,204.0,-53.68421052631578,185.0
80,8.0,218.0,-57.36842105263158,185.0
81,9.0,204.0,-53.68421052631579,185.0
82,9.0,195.0,-51.31578947368421,185.0
83,9.0,206.0,-54.21052631578949,185.0
84,9.0,202.0,-53.15789473684212,185.0
85,9.0,196.0,-51.57894736842104,185.0
86,9.0,199.0,-52.36842105263159,185.0
87,9.0,196.0,-51.57894736842107,185.0
88,9.0,204.0,-53.68421052631581,185.0
89,9.0,198.0,-52.10526315789475,185.0
90,10.0,208.0,-54.73684210526317,185.0
91,10.0,198.0,-52.10526315789474,185.0
92,10.0,206.0,-54.21052631578948,185.0
93,10.0,206.0,-54.210526315789494,185.0
94,10.0,247.0,-65.0,185.0
95,10.0,205.0,-53.9473684210526,185.0
96,10.0,197.0,-51.842105263157904,185.0
97,10.0,212.0,-55.78947368421053,185.0
98,10.0,194.0,-51.05263157894738,185.0
99,11.0,204.0,-53.68421052631578,185.0
100,11.0,189.0,-49.736842105263165,185.0
101,11.0,207.0,-54.47368421052632,185.0
102,11.0,186.0,-48.94736842105263,185.0
103,11.0,193.0,-50.78947368421052,185.0
104,11.0,206.0,-54.21052631578947,185.0
105,11.0,198.0,-52.10526315789474,185.0
106,11.0,200.0,-52.63157894736841,185.0
107,11.0,190.0,-49.99999999999999,185.0
108,12.0,206.0,-54.21052631578948,185.0
109,12.0,230.0,-60.52631578947368,185.0
110,12.0,197.0,-51.84210526315789,185.0
111,12.0,212.0,-55.78947368421054,185.0
112,12.0,211.0,-55.52631578947369,185.0
113,12.0,204.0,-53.684210526315795,185.0
114,12.0,211.0,-55.52631578947369,185.0
115,12.0,181.0,-47.63157894736842,181.0
116,12.0,210.0,-55.26315789473685,181.0
117,13.0,182.0,-47.89473684210528,181.0
118,13.0,200.0,-52.63157894736843,181.0
119,13.0,205.0,-53.94736842105264,181.0
120,13.0,200.0,-52.63157894736843,181.0
121,13.0,194.0,-51.05263157894737,181.0
122,13.0,210.0,-55.26315789473684,181.0
123,13.0,191.0,-50.26315789473685,181.0
124,13.0,195.0,-51.315789473684205,181.0
125,13.0,188.0,-49.47368421052632,181.0
126,14.0,203.0,-53.42105263157894,181.0
127,14.0,212.0,-55.78947368421054,181.0
128,14.0,200.0,-52.6315789473684,181.0
129,14.0,199.0,-52.36842105263158,181.0
130,14.0,196.0,-51.57894736842105,181.0
131,14.0,218.0,-57.368421052631575,181.0
132,14.0,198.0,-52.10526315789473,181.0
133,14.0,200.0,-52.63157894736844,181.0
134,14.0,197.0,-51.84210526315789,181.0
135,15.0,204.0,-53.684210526315795,181.0
136,15.0,188.0,-49.4736842105263,181.0
137,15.0,211.0,-55.526315789473685,181.0
138,15.0,197.0,-51.84210526315788,181.0
139,15.0,191.0,-50.26315789473685,181.0
140,15.0,191.0,-50.26315789473684,181.0
141,15.0,197.0,-51.8421052631579,181.0
142,15.0,207.0,-54.4736842105263,181.0
143,15.0,210.0,-55.26315789473686,181.0
144,16.0,218.0,-57.36842105263158,181.0
145,16.0,205.0,-53.94736842105263,181.0
146,16.0,194.0,-51.05263157894738,181.0
147,16.0,200.0,-52.63157894736843,181.0
148,16.0,195.0,-51.315789473684205,181.0
149,16.0,189.0,-49.736842105263165,181.0
150,16.0,190.0,-50.000000000000014,181.0
151,16.0,201.0,-52.89473684210525,181.0
152,16.0,198.0,-52.10526315789473,181.0
153,17.0,214.0,-56.31578947368423,181.0
154,17.0,185.0,-48.684210526315795,181.0
155,17.0,206.0,-54.21052631578947,181.0
156,17.0,186.0,-48.94736842105263,181.0
157,17.0,190.0,-50.00000000000002,181.0
158,17.0,202.0,-53.157894736842096,181.0
159,17.0,214.0,-56.3157894736842,181.0
160,17.0,199.0,-52.36842105263159,181.0
161,17.0,230.0,-60.52631578947369,181.0
162,18.0,191.0,-50.26315789473684,181.0
163,18.0,218.0,-57.36842105263158,181.0
164,18.0,179.0,-47.10526315789471,179.0
165,18.0,207.0,-54.47368421052633,179.0
166,18.0,199.0,-52.3684210526316,179.0
167,18.0,190.0,-50.00000000000001,179.0
168,18.0,192.0,-50.52631578947369,179.0
169,18.0,196.0,-51.57894736842105,179.0
170,18.0,215.0,-56.57894736842107,179.0
171,19.0,190.0,-50.00000000000002,179.0
172,19.0,197.0,-51.84210526315788,179.0
173,19.0,205.0,-53.94736842105264,179.0
174,19.0,196.0,-51.578947368421055,179.0
175,19.0,192.0,-50.52631578947369,179.0
176,19.0,216.0,-56.84210526315789,179.0
177,19.0,179.0,-47.10526315789474,179.0
178,19.0,185.0,-48.68421052631576,179.0
179,19.0,203.0,-53.42105263157894,179.0
180,20.0,192.0,-50.526315789473685,179.0
181,20.0,197.0,-51.84210526315791,179.0
182,20.0,204.0,-53.68421052631579,179.0
183,20.0,188.0,-49.47368421052631,179.0
184,20.0,172.0,-45.26315789473685,172.0
185,20.0,188.0,-49.47368421052632,172.0
186,20.0,208.0,-54.73684210526318,172.0
187,20.0,209.0,-54.99999999999999,172.0
188,20.0,191.0,-50.26315789473684,172.0
189,21.0,178.0,-46.8421052631579,172.0
190,21.0,177.0,-46.57894736842103,172.0
191,21.0,186.0,-48.947368421052616,172.0
192,21.0,184.0,-48.421052631578945,172.0
193,21.0,191.0,-50.26315789473686,172.0
194,21.0,192.0,-50.526315789473706,172.0
195,21.0,208.0,-54.73684210526318,172.0
196,21.0,198.0,-52.10526315789476,172.0
197,21.0,198.0,-52.10526315789472,172.0
198,22.0,183.0,-48.15789473684211,172.0
199,22.0,195.0,-51.315789473684184,172.0
200,22.0,177.0,-46.57894736842104,172.0
201,22.0,188.0,-49.47368421052631,172.0
202,22.0,180.0,-47.36842105263158,172.0
203,22.0,181.0,-47.63157894736844,172.0
204,22.0,206.0,-54.21052631578946,172.0
205,22.0,193.0,-50.78947368421053,172.0
206,22.0,192.0,-50.5263157894737,172.0
207,23.0,183.0,-48.15789473684211,172.0
208,23.0,193.0,-50.789473684210556,172.0
209,23.0,209.0,-55.0,172.0
210,23.0,178.0,-46.84210526315789,172.0
211,23.0,197.0,-51.8421052631579,172.0
212,23.0,199.0,-52.36842105263156,172.0
213,23.0,186.0,-48.947368421052644,172.0
214,23.0,193.0,-50.789473684210535,172.0
215,23.0,205.0,-53.94736842105263,172.0
216,24.0,184.0,-48.421052631578924,172.0
217,24.0,189.0,-49.73684210526314,172.0
218,24.0,184.0,-48.421052631578945,172.0
219,24.0,196.0,-51.57894736842105,172.0
220,24.0,190.0,-50.00000000000001,172.0
221,24.0,207.0,-54.4736842105263,172.0
222,24.0,188.0,-49.473684210526315,172.0
223,24.0,180.0,-47.36842105263159,172.0
224,24.0,175.0,-46.05263157894737,172.0
225,25.0,182.0,-47.89473684210525,172.0
226,25.0,189.0,-49.73684210526314,172.0
227,25.0,192.0,-50.52631578947367,172.0
228,25.0,196.0,-51.57894736842105,172.0
229,25.0,175.0,-46.05263157894738,172.0
230,25.0,201.0,-52.89473684210525,172.0
231,25.0,210.0,-55.26315789473684,172.0
232,25.0,191.0,-50.26315789473683,172.0
233,25.0,182.0,-47.89473684210527,172.0
234,26.0,191.0,-50.26315789473684,172.0
235,26.0,196.0,-51.57894736842106,172.0
236,26.0,184.0,-48.42105263157896,172.0
237,26.0,200.0,-52.63157894736843,172.0
238,26.0,183.0,-48.15789473684208,172.0
239,26.0,185.0,-48.684210526315766,172.0
240,26.0,185.0,-48.6842105263158,172.0
241,26.0,191.0,-50.263157894736835,172.0
242,26.0,202.0,-53.15789473684211,172.0
243,27.0,200.0,-52.631578947368425,172.0
244,27.0,196.0,-51.57894736842105,172.0
245,27.0,181.0,-47.631578947368425,172.0
246,27.0,185.0,-48.6842105263158,172.0
247,27.0,183.0,-48.157894736842096,172.0
248,27.0,189.0,-49.73684210526316,172.0
249,27.0,188.0,-49.473684210526294,172.0
250,27.0,192.0,-50.52631578947369,172.0
251,27.0,188.0,-49.47368421052631,172.0
252,28.0,180.0,-47.36842105263158,172.0
253,28.0,197.0,-51.84210526315787,172.0
254,28.0,197.0,-51.842105263157876,172.0
255,28.0,176.0,-46.31578947368419,172.0
256,28.0,209.0,-54.999999999999986,172.0
257,28.0,191.0,-50.26315789473683,172.0
258,28.0,177.0,-46.57894736842105,172.0
259,28.0,185.0,-48.68421052631579,172.0
260,28.0,183.0,-48.1578947368421,172.0
261,29.0,191.0,-50.26315789473684,172.0
262,29.0,215.0,-56.57894736842106,172.0
263,29.0,192.0,-50.52631578947367,172.0
264,29.0,196.0,-51.578947368421055,172.0
265,29.0,198.0,-52.10526315789474,172.0
266,29.0,186.0,-48.94736842105262,172.0
267,29.0,199.0,-52.36842105263156,172.0
268,29.0,190.0,-50.000000000000014,172.0
269,29.0,187.0,-49.21052631578949,172.0
270,30.0,189.0,-49.73684210526315,172.0
271,30.0,177.0,-46.578947368421034,172.0
272,30.0,196.0,-51.57894736842107,172.0
273,30.0,187.0,-49.21052631578948,172.0
274,30.0,178.0,-46.84210526315789,172.0
275,30.0,193.0,-50.78947368421053,172.0
276,30.0,201.0,-52.894736842105246,172.0
277,30.0,183.0,-48.157894736842096,172.0
278,30.0,181.0,-47.631578947368425,172.0
279,31.0,183.0,-48.1578947368421,172.0
280,31.0,196.0,-51.57894736842104,172.0
281,31.0,204.0,-53.68421052631577,172.0
282,31.0,186.0,-48.94736842105262,172.0
283,31.0,204.0,-53.68421052631579,172.0
284,31.0,200.0,-52.63157894736841,172.0
285,31.0,184.0,-48.42105263157893,172.0
286,31.0,198.0,-52.10526315789473,172.0
287,31.0,192.0,-50.526315789473685,172.0
288,32.0,194.0,-51.05263157894736,172.0
289,32.0,178.0,-46.84210526315791,172.0
290,32.0,199.0,-52.36842105263158,172.0
291,32.0,188.0,-49.4736842105263,172.0
292,32.0,173.0,-45.52631578947368,172.0
293,32.0,202.0,-53.1578947368421,172.0
294,32.0,185.0,-48.68421052631578,172.0
295,32.0,188.0,-49.47368421052631,172.0
296,32.0,195.0,-51.3157894736842,172.0
297,33.0,179.0,-47.105263157894726,172.0
298,33.0,198.0,-52.105263157894726,172.0
299,33.0,191.0,-50.263157894736835,172.0
300,33.0,171.0,-44.999999999999986,171.0
301,33.0,183.0,-48.1578947368421,171.0
302,33.0,207.0,-54.47368421052632,171.0
303,33.0,187.0,-49.21052631578948,171.0
304,33.0,190.0,-50.0,171.0
305,33.0,189.0,-49.73684210526315,171.0
306,34.0,195.0,-51.31578947368423,171.0
307,34.0,211.0,-55.52631578947367,171.0
308,34.0,206.0,-54.210526315789444,171.0
309,34.0,197.0,-51.84210526315788,171.0
310,34.0,186.0,-48.94736842105263,171.0
311,34.0,196.0,-51.57894736842103,171.0
312,34.0,191.0,-50.26315789473684,171.0
313,34.0,196.0,-51.57894736842105,171.0
314,34.0,194.0,-51.05263157894736,171.0
315,35.0,177.0,-46.57894736842103,171.0
316,35.0,184.0,-48.421052631578945,171.0
317,35.0,187.0,-49.21052631578947,171.0
318,35.0,181.0,-47.631578947368425,171.0
319,35.0,187.0,-49.21052631578946,171.0
320,35.0,185.0,-48.68421052631579,171.0
321,35.0,181.0,-47.63157894736842,171.0
322,35.0,195.0,-51.31578947368422,171.0
323,35.0,200.0,-52.63157894736842,171.0
324,36.0,191.0,-50.263157894736835,171.0
325,36.0,186.0,-48.94736842105264,171.0
326,36.0,182.0,-47.894736842105246,171.0
327,36.0,187.0,-49.21052631578946,171.0
328,36.0,189.0,-49.73684210526314,171.0
329,36.0,180.0,-47.36842105263157,171.0
330,36.0,177.0,-46.578947368421055,171.0
331,36.0,169.0,-44.47368421052632,169.0
332,36.0,183.0,-48.1578947368421,169.0
333,37.0,242.0,-63.68421052631577,169.0
334,37.0,188.0,-49.473684210526315,169.0
335,37.0,189.0,-49.73684210526315,169.0
336,37.0,237.0,-62.36842105263158,169.0
337,37.0,206.0,-54.210526315789465,169.0
338,37.0,208.0,-54.73684210526317,169.0
339,37.0,218.0,-57.36842105263156,169.0
340,37.0,205.0,-53.94736842105263,169.0
341,37.0,179.0,-47.10526315789475,169.0
342,38.0,176.0,-46.315789473684205,169.0
343,38.0,190.0,-50.00000000000001,169.0
344,38.0,179.0,-47.105263157894726,169.0
345,38.0,170.0,-44.73684210526315,169.0
346,38.0,170.0,-44.736842105263165,169.0
347,38.0,174.0,-45.78947368421053,169.0
348,38.0,225.0,-59.21052631578946,169.0
349,38.0,184.0,-48.421052631578945,169.0
350,38.0,180.0,-47.368421052631575,169.0
351,39.0,184.0,-48.42105263157893,169.0
352,39.0,209.0,-54.99999999999999,169.0
353,39.0,194.0,-51.052631578947356,169.0
354,39.0,171.0,-45.00000000000001,169.0
355,39.0,188.0,-49.473684210526315,169.0
356,39.0,206.0,-54.210526315789465,169.0
357,39.0,181.0,-47.631578947368425,169.0
358,39.0,183.0,-48.15789473684209,169.0
359,39.0,176.0,-46.31578947368421,169.0
360,40.0,198.0,-52.10526315789475,169.0
361,40.0,187.0,-49.21052631578947,169.0
362,40.0,187.0,-49.210526315789494,169.0
363,40.0,180.0,-47.368421052631575,169.0
364,40.0,187.0,-49.210526315789465,169.0
365,40.0,186.0,-48.947368421052616,169.0
366,40.0,224.0,-58.94736842105262,169.0
367,40.0,181.0,-47.63157894736842,169.0
368,40.0,204.0,-53.68421052631578,169.0
369,41.0,187.0,-49.21052631578946,169.0
370,41.0,186.0,-48.94736842105263,169.0
371,41.0,212.0,-55.78947368421053,169.0
372,41.0,176.0,-46.315789473684205,169.0
373,41.0,194.0,-51.052631578947356,169.0
374,41.0,202.0,-53.157894736842096,169.0
375,41.0,180.0,-47.368421052631575,169.0
376,41.0,188.0,-49.473684210526315,169.0
377,41.0,183.0,-48.1578947368421,169.0
378,42.0,183.0,-48.15789473684211,169.0
379,42.0,186.0,-48.947368421052616,169.0
380,42.0,192.0,-50.52631578947369,169.0
381,42.0,187.0,-49.210526315789465,169.0
382,42.0,179.0,-47.10526315789473,169.0
383,42.0,186.0,-48.94736842105263,169.0
384,42.0,184.0,-48.421052631578945,169.0
385,42.0,207.0,-54.47368421052631,169.0
386,42.0,179.0,-47.10526315789473,169.0
387,43.0,191.0,-50.26315789473683,169.0
388,43.0,175.0,-46.05263157894736,169.0
389,43.0,181.0,-47.631578947368425,169.0
390,43.0,186.0,-48.94736842105262,169.0
391,43.0,177.0,-46.57894736842107,169.0
392,43.0,183.0,-48.1578947368421,169.0
393,43.0,199.0,-52.36842105263158,169.0
394,43.0,169.0,-44.47368421052631,169.0
395,43.0,187.0,-49.21052631578947,169.0
396,44.0,187.0,-49.21052631578946,169.0
397,44.0,188.0,-49.473684210526315,169.0
398,44.0,192.0,-50.52631578947368,169.0
399,44.0,173.0,-45.52631578947367,169.0
400,44.0,180.0,-47.36842105263158,169.0
401,44.0,180.0,-47.36842105263157,169.0
402,44.0,181.0,-47.63157894736841,169.0
403,44.0,199.0,-52.36842105263156,169.0
404,44.0,183.0,-48.157894736842096,169.0
405,45.0,199.0,-52.36842105263156,169.0
406,45.0,188.0,-49.4736842105263,169.0
407,45.0,185.0,-48.684210526315795,169.0
408,45.0,178.0,-46.84210526315789,169.0
409,45.0,169.0,-44.47368421052631,169.0
410,45.0,175.0,-46.05263157894736,169.0
411,45.0,178.0,-46.84210526315789,169.0
412,45.0,205.0,-53.94736842105262,169.0
413,45.0,177.0,-46.57894736842104,169.0
414,46.0,171.0,-44.99999999999999,169.0
415,46.0,181.0,-47.6315789473684,169.0
416,46.0,190.0,-49.999999999999986,169.0
417,46.0,172.0,-45.263157894736835,169.0
418,46.0,185.0,-48.684210526315766,169.0
419,46.0,188.0,-49.47368421052629,169.0
420,46.0,179.0,-47.10526315789474,169.0
421,46.0,173.0,-45.52631578947369,169.0
422,46.0,180.0,-47.36842105263157,169.0
423,47.0,177.0,-46.578947368421055,169.0
424,47.0,184.0,-48.421052631578945,169.0
425,47.0,203.0,-53.421052631578945,169.0
426,47.0,196.0,-51.57894736842103,169.0
427,47.0,178.0,-46.842105263157876,169.0
428,47.0,196.0,-51.57894736842106,169.0
429,47.0,188.0,-49.47368421052629,169.0
430,47.0,172.0,-45.26315789473684,169.0
431,47.0,189.0,-49.736842105263165,169.0
432,48.0,167.0,-43.947368421052616,167.0
433,48.0,174.0,-45.789473684210535,167.0
434,48.0,174.0,-45.78947368421052,167.0
435,48.0,183.0,-48.15789473684209,167.0
436,48.0,197.0,-51.84210526315787,167.0
437,48.0,189.0,-49.73684210526314,167.0
438,48.0,191.0,-50.26315789473685,167.0
439,48.0,182.0,-47.89473684210527,167.0
440,48.0,179.0,-47.10526315789475,167.0
441,49.0,172.0,-45.263157894736835,167.0
442,49.0,206.0,-54.21052631578947,167.0
443,49.0,180.0,-47.368421052631575,167.0
444,49.0,183.0,-48.15789473684212,167.0
445,49.0,188.0,-49.473684210526294,167.0
446,49.0,171.0,-45.0,167.0
447,49.0,196.0,-51.57894736842105,167.0
448,49.0,172.0,-45.263157894736835,167.0
449,49.0,174.0,-45.789473684210506,167.0
450,50.0,184.0,-48.42105263157894,167.0
451,50.0,171.0,-44.99999999999999,167.0
452,50.0,187.0,-49.210526315789465,167.0
453,50.0,170.0,-44.73684210526316,167.0
454,50.0,195.0,-51.31578947368421,167.0
455,50.0,179.0,-47.105263157894754,167.0
456,50.0,203.0,-53.42105263157894,167.0
457,50.0,181.0,-47.63157894736841,167.0
458,50.0,172.0,-45.263157894736835,167.0
459,51.0,176.0,-46.31578947368421,167.0
460,51.0,177.0,-46.578947368421055,167.0
461,51.0,172.0,-45.26315789473682,167.0
462,51.0,171.0,-44.999999999999986,167.0
463,51.0,178.0,-46.84210526315789,167.0
464,51.0,175.0,-46.05263157894736,167.0
465,51.0,174.0,-45.789473684210506,167.0
466,51.0,178.0,-46.84210526315791,167.0
467,51.0,187.0,-49.21052631578948,167.0
468,52.0,177.0,-46.578947368421055,167.0
469,52.0,179.0,-47.105263157894726,167.0
470,52.0,174.0,-45.78947368421051,167.0
471,52.0,192.0,-50.52631578947367,167.0
472,52.0,173.0,-45.52631578947368,167.0
473,52.0,189.0,-49.73684210526314,167.0
474,52.0,177.0,-46.57894736842105,167.0
475,52.0,196.0,-51.578947368421055,167.0
476,52.0,195.0,-51.31578947368419,167.0
477,53.0,186.0,-48.94736842105263,167.0
478,53.0,173.0,-45.526315789473664,167.0
479,53.0,178.0,-46.84210526315786,167.0
480,53.0,190.0,-50.00000000000001,167.0
481,53.0,162.0,-42.6315789473684,162.0
482,53.0,185.0,-48.684210526315795,162.0
483,53.0,168.0,-44.21052631578947,162.0
484,53.0,184.0,-48.42105263157893,162.0
485,53.0,178.0,-46.84210526315788,162.0
486,54.0,179.0,-47.10526315789472,162.0
487,54.0,176.0,-46.3157894736842,162.0
488,54.0,171.0,-45.0,162.0
489,54.0,186.0,-48.947368421052616,162.0
490,54.0,181.0,-47.63157894736842,162.0
491,54.0,188.0,-49.473684210526294,162.0
492,54.0,192.0,-50.52631578947368,162.0
493,54.0,175.0,-46.05263157894736,162.0
494,54.0,168.0,-44.21052631578945,162.0
495,55.0,206.0,-54.210526315789465,162.0
496,55.0,185.0,-48.68421052631578,162.0
497,55.0,207.0,-54.47368421052632,162.0
498,55.0,177.0,-46.578947368421034,162.0
499,55.0,169.0,-44.47368421052632,162.0
500,55.0,185.0,-48.68421052631578,162.0
501,55.0,191.0,-50.263157894736835,162.0
502,55.0,183.0,-48.15789473684209,162.0
503,55.0,179.0,-47.105263157894754,162.0
504,56.0,188.0,-49.47368421052631,162.0
505,56.0,170.0,-44.73684210526315,162.0
506,56.0,175.0,-46.052631578947356,162.0
507,56.0,173.0,-45.526315789473685,162.0
508,56.0,173.0,-45.52631578947367,162.0
509,56.0,185.0,-48.68421052631577,162.0
510,56.0,188.0,-49.47368421052632,162.0
511,56.0,200.0,-52.63157894736841,162.0
512,56.0,178.0,-46.84210526315788,162.0
513,57.0,170.0,-44.736842105263136,162.0
514,57.0,166.0,-43.684210526315795,162.0
515,57.0,180.0,-47.36842105263157,162.0
516,57.0,185.0,-48.68421052631579,162.0
517,57.0,182.0,-47.89473684210526,162.0
518,57.0,184.0,-48.42105263157894,162.0
519,57.0,182.0,-47.894736842105246,162.0
520,57.0,173.0,-45.52631578947367,162.0
521,57.0,170.0,-44.73684210526314,162.0
522,58.0,195.0,-51.31578947368423,162.0
523,58.0,172.0,-45.26315789473683,162.0
524,58.0,191.0,-50.263157894736835,162.0
525,58.0,180.0,-47.368421052631575,162.0
526,58.0,171.0,-44.99999999999998,162.0
527,58.0,171.0,-45.0,162.0
528,58.0,177.0,-46.57894736842105,162.0
529,58.0,169.0,-44.4736842105263,162.0
530,58.0,176.0,-46.315789473684205,162.0
531,59.0,176.0,-46.3157894736842,162.0
532,59.0,166.0,-43.684210526315766,162.0
533,59.0,188.0,-49.473684210526315,162.0
534,59.0,187.0,-49.210526315789494,162.0
535,59.0,187.0,-49.210526315789465,162.0
536,59.0,167.0,-43.94736842105263,162.0
537,59.0,178.0,-46.84210526315788,162.0
538,59.0,187.0,-49.21052631578945,162.0
539,59.0,181.0,-47.631578947368425,162.0
540,60.0,173.0,-45.52631578947368,162.0
541,60.0,180.0,-47.36842105263157,162.0
542,60.0,176.0,-46.31578947368423,162.0
543,60.0,176.0,-46.31578947368421,162.0
544,60.0,181.0,-47.63157894736844,162.0
545,60.0,194.0,-51.052631578947356,162.0
546,60.0,209.0,-55.0,162.0
547,60.0,194.0,-51.05263157894734,162.0
548,60.0,177.0,-46.57894736842107,162.0
549,61.0,172.0,-45.26315789473683,162.0
550,61.0,178.0,-46.84210526315788,162.0
551,61.0,179.0,-47.105263157894754,162.0
552,61.0,169.0,-44.473684210526294,162.0
553,61.0,180.0,-47.368421052631575,162.0
554,61.0,174.0,-45.789473684210506,162.0
555,61.0,189.0,-49.73684210526316,162.0
556,61.0,181.0,-47.631578947368396,162.0
557,61.0,178.0,-46.84210526315789,162.0
558,62.0,172.0,-45.26315789473684,162.0
559,62.0,194.0,-51.05263157894736,162.0
560,62.0,179.0,-47.10526315789472,162.0
561,62.0,184.0,-48.42105263157895,162.0
562,62.0,183.0,-48.157894736842096,162.0
563,62.0,180.0,-47.36842105263157,162.0
564,62.0,176.0,-46.31578947368421,162.0
565,62.0,183.0,-48.1578947368421,162.0
566,62.0,169.0,-44.47368421052629,162.0
567,63.0,193.0,-50.78947368421052,162.0
568,63.0,169.0,-44.47368421052631,162.0
569,63.0,203.0,-53.42105263157895,162.0
570,63.0,164.0,-43.15789473684209,162.0
571,63.0,184.0,-48.42105263157895,162.0
572,63.0,177.0,-46.57894736842105,162.0
573,63.0,176.0,-46.31578947368419,162.0
574,63.0,180.0,-47.36842105263158,162.0
575,63.0,171.0,-44.99999999999999,162.0
576,64.0,189.0,-49.73684210526314,162.0
577,64.0,169.0,-44.4736842105263,162.0
578,64.0,175.0,-46.052631578947356,162.0
579,64.0,167.0,-43.94736842105261,162.0
580,64.0,182.0,-47.894736842105246,162.0
581,64.0,188.0,-49.473684210526315,162.0
582,64.0,184.0,-48.421052631578945,162.0
583,64.0,196.0,-51.578947368421055,162.0
584,64.0,171.0,-45.00000000000001,162.0
585,65.0,169.0,-44.47368421052631,162.0
586,65.0,188.0,-49.473684210526294,162.0
587,65.0,183.0,-48.15789473684209,162.0
588,65.0,175.0,-46.05263157894736,162.0
589,65.0,173.0,-45.52631578947368,162.0
590,65.0,182.0,-47.89473684210525,162.0
591,65.0,182.0,-47.89473684210523,162.0
592,65.0,187.0,-49.21052631578948,162.0
593,65.0,177.0,-46.57894736842105,162.0
594,66.0,179.0,-47.10526315789474,162.0
595,66.0,171.0,-45.00000000000001,162.0
596,66.0,193.0,-50.789473684210506,162.0
597,66.0,192.0,-50.52631578947366,162.0
598,66.0,207.0,-54.47368421052631,162.0
599,66.0,180.0,-47.368421052631575,162.0
600,66.0,193.0,-50.78947368421051,162.0
601,66.0,170.0,-44.73684210526313,162.0
602,66.0,192.0,-50.52631578947368,162.0
603,67.0,168.0,-44.210526315789465,162.0
604,67.0,183.0,-48.157894736842096,162.0
605,67.0,181.0,-47.631578947368425,162.0
606,67.0,192.0,-50.52631578947367,162.0
607,67.0,183.0,-48.15789473684208,162.0
608,67.0,173.0,-45.52631578947368,162.0
609,67.0,201.0,-52.89473684210525,162.0
610,67.0,186.0,-48.94736842105261,162.0
611,67.0,187.0,-49.21052631578948,162.0
612,68.0,193.0,-50.789473684210506,162.0
613,68.0,184.0,-48.421052631578924,162.0
614,68.0,184.0,-48.42105263157894,162.0
615,68.0,171.0,-45.00000000000001,162.0
616,68.0,166.0,-43.68421052631578,162.0
617,68.0,187.0,-49.21052631578945,162.0
618,68.0,176.0,-46.315789473684205,162.0
619,68.0,171.0,-45.000000000000014,162.0
620,68.0,192.0,-50.52631578947369,162.0
621,69.0,176.0,-46.315789473684205,162.0
622,69.0,178.0,-46.842105263157876,162.0
623,69.0,163.0,-42.89473684210525,162.0
624,69.0,171.0,-45.0,162.0
625,69.0,175.0,-46.05263157894736,162.0
626,69.0,186.0,-48.94736842105262,162.0
627,69.0,185.0,-48.68421052631579,162.0
628,69.0,206.0,-54.21052631578947,162.0
629,69.0,173.0,-45.526315789473685,162.0
630,70.0,172.0,-45.26315789473684,162.0
631,70.0,167.0,-43.947368421052616,162.0
632,70.0,181.0,-47.6315789473684,162.0
633,70.0,179.0,-47.10526315789474,162.0
634,70.0,176.0,-46.31578947368418,162.0
635,70.0,165.0,-43.421052631578924,162.0
636,70.0,188.0,-49.4736842105263,162.0
637,70.0,179.0,-47.10526315789474,162.0
638,70.0,170.0,-44.73684210526315,162.0
639,71.0,183.0,-48.15789473684209,162.0
640,71.0,183.0,-48.157894736842096,162.0
641,71.0,172.0,-45.26315789473682,162.0
642,71.0,187.0,-49.21052631578947,162.0
643,71.0,172.0,-45.26315789473686,162.0
644,71.0,183.0,-48.157894736842096,162.0
645,71.0,202.0,-53.157894736842096,162.0
646,71.0,176.0,-46.3157894736842,162.0
647,71.0,178.0,-46.84210526315788,162.0
648,72.0,170.0,-44.73684210526317,162.0
649,72.0,170.0,-44.736842105263136,162.0
650,72.0,198.0,-52.10526315789475,162.0
651,72.0,174.0,-45.78947368421052,162.0
652,72.0,168.0,-44.210526315789465,162.0
653,72.0,176.0,-46.3157894736842,162.0
654,72.0,183.0,-48.15789473684211,162.0
655,72.0,188.0,-49.47368421052633,162.0
656,72.0,169.0,-44.473684210526315,162.0
657,73.0,185.0,-48.68421052631579,162.0
658,73.0,180.0,-47.36842105263156,162.0
659,73.0,179.0,-47.105263157894726,162.0
660,73.0,188.0,-49.473684210526294,162.0
661,73.0,184.0,-48.42105263157894,162.0
662,73.0,185.0,-48.684210526315795,162.0
663,73.0,174.0,-45.78947368421052,162.0
664,73.0,179.0,-47.105263157894726,162.0
665,73.0,186.0,-48.94736842105263,162.0
666,74.0,186.0,-48.94736842105264,162.0
667,74.0,197.0,-51.84210526315786,162.0
668,74.0,175.0,-46.052631578947384,162.0
669,74.0,188.0,-49.473684210526336,162.0
670,74.0,185.0,-48.68421052631577,162.0
671,74.0,185.0,-48.684210526315766,162.0
672,74.0,183.0,-48.157894736842074,162.0
673,74.0,183.0,-48.15789473684209,162.0
674,74.0,179.0,-47.10526315789473,162.0
675,75.0,169.0,-44.47368421052629,162.0
676,75.0,186.0,-48.94736842105263,162.0
677,75.0,176.0,-46.31578947368421,162.0
678,75.0,179.0,-47.10526315789474,162.0
679,75.0,190.0,-49.99999999999998,162.0
680,75.0,172.0,-45.263157894736835,162.0
681,75.0,180.0,-47.36842105263158,162.0
682,75.0,191.0,-50.26315789473683,162.0
683,75.0,172.0,-45.26315789473683,162.0
684,76.0,179.0,-47.10526315789472,162.0
685,76.0,172.0,-45.263157894736835,162.0
686,76.0,181.0,-47.63157894736842,162.0
687,76.0,191.0,-50.26315789473685,162.0
688,76.0,163.0,-42.89473684210526,162.0
689,76.0,171.0,-45.0,162.0
690,76.0,173.0,-45.526315789473664,162.0
691,76.0,173.0,-45.52631578947368,162.0
692,76.0,192.0,-50.52631578947367,162.0
693,77.0,176.0,-46.3157894736842,162.0
694,77.0,180.0,-47.36842105263157,162.0
695,77.0,197.0,-51.84210526315789,162.0
696,77.0,194.0,-51.05263157894736,162.0
697,77.0,178.0,-46.842105263157904,162.0
698,77.0,169.0,-44.47368421052631,162.0
699,77.0,201.0,-52.89473684210525,162.0
700,77.0,200.0,-52.63157894736839,162.0
701,77.0,191.0,-50.263157894736835,162.0
702,78.0,169.0,-44.47368421052632,162.0
703,78.0,180.0,-47.36842105263159,162.0
704,78.0,179.0,-47.10526315789475,162.0
705,78.0,170.0,-44.73684210526316,162.0
706,78.0,168.0,-44.210526315789465,162.0
707,78.0,181.0,-47.6315789473684,162.0
708,78.0,194.0,-51.05263157894737,162.0
709,78.0,175.0,-46.05263157894736,162.0
710,78.0,184.0,-48.42105263157893,162.0
711,79.0,168.0,-44.21052631578946,162.0
712,79.0,196.0,-51.578947368421055,162.0
713,79.0,168.0,-44.21052631578947,162.0
714,79.0,169.0,-44.47368421052632,162.0
715,79.0,176.0,-46.315789473684205,162.0
716,79.0,190.0,-49.99999999999999,162.0
717,79.0,165.0,-43.421052631578945,162.0
718,79.0,172.0,-45.263157894736835,162.0
719,79.0,164.0,-43.15789473684209,162.0
720,80.0,196.0,-51.57894736842104,162.0
721,80.0,170.0,-44.73684210526315,162.0
722,80.0,187.0,-49.21052631578947,162.0
723,80.0,171.0,-44.99999999999999,162.0
724,80.0,180.0,-47.36842105263156,162.0
725,80.0,175.0,-46.05263157894737,162.0
726,80.0,173.0,-45.52631578947367,162.0
727,80.0,169.0,-44.4736842105263,162.0
728,80.0,166.0,-43.684210526315795,162.0
729,81.0,178.0,-46.842105263157876,162.0
730,81.0,190.0,-49.99999999999999,162.0
731,81.0,177.0,-46.57894736842104,162.0
732,81.0,174.0,-45.78947368421052,162.0
733,81.0,169.0,-44.47368421052631,162.0
734,81.0,177.0,-46.578947368421055,162.0
735,81.0,176.0,-46.3157894736842,162.0
736,81.0,175.0,-46.052631578947356,162.0
737,81.0,171.0,-45.0,162.0
738,82.0,173.0,-45.526315789473664,162.0
739,82.0,176.0,-46.31578947368419,162.0
740,82.0,190.0,-49.99999999999998,162.0
741,82.0,170.0,-44.736842105263165,162.0
742,82.0,165.0,-43.421052631578945,162.0
743,82.0,173.0,-45.52631578947366,162.0
744,82.0,182.0,-47.89473684210526,162.0
745,82.0,180.0,-47.36842105263157,162.0
746,82.0,179.0,-47.105263157894726,162.0
747,83.0,181.0,-47.63157894736841,162.0
748,83.0,173.0,-45.52631578947367,162.0
749,83.0,198.0,-52.105263157894726,162.0
750,83.0,176.0,-46.31578947368419,162.0
751,83.0,189.0,-49.73684210526315,162.0
752,83.0,179.0,-47.10526315789472,162.0
753,83.0,174.0,-45.78947368421051,162.0
754,83.0,176.0,-46.31578947368419,162.0
755,83.0,179.0,-47.10526315789474,162.0
756,84.0,170.0,-44.73684210526316,162.0
757,84.0,175.0,-46.05263157894736,162.0
758,84.0,191.0,-50.26315789473684,162.0
759,84.0,176.0,-46.31578947368421,162.0
760,84.0,164.0,-43.1578947368421,162.0
761,84.0,175.0,-46.05263157894735,162.0
762,84.0,184.0,-48.42105263157894,162.0
763,84.0,169.0,-44.473684210526315,162.0
764,84.0,199.0,-52.36842105263157,162.0
765,85.0,186.0,-48.94736842105264,162.0
766,85.0,186.0,-48.94736842105264,162.0
767,85.0,178.0,-46.842105263157876,162.0
768,85.0,195.0,-51.315789473684184,162.0
769,85.0,183.0,-48.1578947368421,162.0
770,85.0,174.0,-45.789473684210535,162.0
771,85.0,173.0,-45.52631578947368,162.0
772,85.0,178.0,-46.842105263157876,162.0
773,85.0,175.0,-46.05263157894736,162.0
774,86.0,184.0,-48.42105263157893,162.0
775,86.0,176.0,-46.3157894736842,162.0
776,86.0,166.0,-43.68421052631577,162.0
777,86.0,176.0,-46.31578947368419,162.0
778,86.0,190.0,-49.99999999999999,162.0
779,86.0,170.0,-44.73684210526314,162.0
780,86.0,194.0,-51.05263157894736,162.0
781,86.0,180.0,-47.36842105263156,162.0
782,86.0,177.0,-46.57894736842104,162.0
783,87.0,179.0,-47.10526315789473,162.0
784,87.0,171.0,-44.99999999999998,162.0
785,87.0,174.0,-45.78947368421052,162.0
786,87.0,194.0,-51.05263157894737,162.0
787,87.0,170.0,-44.73684210526316,162.0
788,87.0,169.0,-44.47368421052631,162.0
789,87.0,193.0,-50.78947368421051,162.0
790,87.0,187.0,-49.210526315789465,162.0
791,87.0,178.0,-46.84210526315789,162.0
792,88.0,180.0,-47.368421052631575,162.0
793,88.0,164.0,-43.15789473684211,162.0
794,88.0,174.0,-45.78947368421052,162.0
795,88.0,185.0,-48.68421052631578,162.0
796,88.0,195.0,-51.3157894736842,162.0
797,88.0,170.0,-44.73684210526315,162.0
798,88.0,168.0,-44.21052631578947,162.0
799,88.0,171.0,-45.0,162.0
800,88.0,178.0,-46.84210526315792,162.0
801,89.0,180.0,-47.368421052631575,162.0
802,89.0,177.0,-46.57894736842106,162.0
803,89.0,173.0,-45.52631578947367,162.0
804,89.0,181.0,-47.63157894736841,162.0
805,89.0,178.0,-46.842105263157904,162.0
806,89.0,171.0,-45.0,162.0
807,89.0,176.0,-46.31578947368421,162.0
808,89.0,174.0,-45.78947368421053,162.0
809,89.0,172.0,-45.26315789473684,162.0
810,90.0,178.0,-46.84210526315789,162.0
811,90.0,173.0,-45.526315789473685,162.0
812,90.0,159.0,-41.84210526315787,159.0
813,90.0,179.0,-47.10526315789475,159.0
814,90.0,174.0,-45.78947368421053,159.0
815,90.0,181.0,-47.631578947368396,159.0
816,90.0,168.0,-44.21052631578946,159.0
817,90.0,185.0,-48.68421052631577,159.0
818,90.0,173.0,-45.52631578947368,159.0
819,91.0,176.0,-46.31578947368422,159.0
820,91.0,198.0,-52.10526315789473,159.0
821,91.0,179.0,-47.10526315789474,159.0
822,91.0,179.0,-47.105263157894726,159.0
823,91.0,164.0,-43.1578947368421,159.0
824,91.0,181.0,-47.63157894736841,159.0
825,91.0,173.0,-45.52631578947368,159.0
826,91.0,178.0,-46.84210526315788,159.0
827,91.0,174.0,-45.78947368421052,159.0
828,92.0,174.0,-45.78947368421052,159.0
829,92.0,180.0,-47.36842105263156,159.0
830,92.0,169.0,-44.47368421052631,159.0
831,92.0,164.0,-43.15789473684209,159.0
832,92.0,168.0,-44.210526315789444,159.0
833,92.0,178.0,-46.84210526315788,159.0
834,92.0,181.0,-47.63157894736842,159.0
835,92.0,173.0,-45.52631578947367,159.0
836,92.0,178.0,-46.84210526315787,159.0
837,93.0,185.0,-48.68421052631579,159.0
838,93.0,194.0,-51.052631578947356,159.0
839,93.0,181.0,-47.63157894736842,159.0
840,93.0,177.0,-46.578947368421055,159.0
841,93.0,181.0,-47.63157894736841,159.0
842,93.0,177.0,-46.578947368421034,159.0
843,93.0,179.0,-47.10526315789472,159.0
844,93.0,167.0,-43.947368421052616,159.0
845,93.0,166.0,-43.684210526315766,159.0
846,94.0,182.0,-47.89473684210525,159.0
847,94.0,179.0,-47.105263157894726,159.0
848,94.0,166.0,-43.684210526315795,159.0
849,94.0,179.0,-47.10526315789472,159.0
850,94.0,177.0,-46.57894736842105,159.0
851,94.0,195.0,-51.315789473684184,159.0
852,94.0,175.0,-46.05263157894736,159.0
853,94.0,180.0,-47.36842105263155,159.0
854,94.0,172.0,-45.263157894736835,159.0
855,95.0,173.0,-45.52631578947368,159.0
856,95.0,186.0,-48.947368421052644,159.0
857,95.0,172.0,-45.26315789473684,159.0
858,95.0,173.0,-45.52631578947367,159.0
859,95.0,189.0,-49.73684210526316,159.0
860,95.0,175.0,-46.05263157894736,159.0
861,95.0,168.0,-44.21052631578947,159.0
862,95.0,181.0,-47.63157894736842,159.0
863,95.0,179.0,-47.10526315789473,159.0
864,96.0,180.0,-47.36842105263157,159.0
865,96.0,178.0,-46.84210526315789,159.0
866,96.0,181.0,-47.6315789473684,159.0
867,96.0,168.0,-44.21052631578948,159.0
868,96.0,175.0,-46.05263157894736,159.0
869,96.0,183.0,-48.15789473684209,159.0
870,96.0,170.0,-44.73684210526316,159.0
871,96.0,178.0,-46.842105263157876,159.0
872,96.0,186.0,-48.94736842105263,159.0
873,97.0,171.0,-45.0,159.0
874,97.0,177.0,-46.57894736842105,159.0
875,97.0,176.0,-46.315789473684205,159.0
876,97.0,173.0,-45.526315789473664,159.0
877,97.0,170.0,-44.73684210526315,159.0
878,97.0,187.0,-49.21052631578948,159.0
879,97.0,171.0,-44.99999999999999,159.0
880,97.0,190.0,-49.99999999999998,159.0
881,97.0,180.0,-47.368421052631575,159.0
882,98.0,178.0,-46.8421052631579,159.0
883,98.0,177.0,-46.57894736842104,159.0
884,98.0,171.0,-44.999999999999986,159.0
885,98.0,180.0,-47.368421052631575,159.0
886,98.0,188.0,-49.47368421052632,159.0
887,98.0,186.0,-48.94736842105263,159.0
888,98.0,175.0,-46.052631578947356,159.0
889,98.0,177.0,-46.578947368421055,159.0
890,98.0,180.0,-47.368421052631575,159.0
891,99.0,173.0,-45.52631578947368,159.0
892,99.0,163.0,-42.894736842105274,159.0
893,99.0,170.0,-44.73684210526315,159.0
894,99.0,162.0,-42.63157894736842,159.0
895,99.0,170.0,-44.73684210526314,159.0
896,99.0,187.0,-49.21052631578947,159.0
897,99.0,165.0,-43.42105263157894,159.0
898,99.0,187.0,-49.210526315789465,159.0
899,99.0,160.0,-42.10526315789472,159.0
900,100.0,172.0,-45.26315789473685,159.0
901,100.0,180.0,-47.36842105263157,159.0
902,100.0,180.0,-47.368421052631554,159.0
903,100.0,171.0,-45.00000000000001,159.0
904,100.0,174.0,-45.789473684210535,159.0
905,100.0,182.0,-47.894736842105274,159.0
906,100.0,184.0,-48.421052631578945,159.0
907,100.0,168.0,-44.21052631578947,159.0
908,100.0,178.0,-46.84210526315789,159.0
909,101.0,168.0,-44.21052631578946,159.0
910,101.0,181.0,-47.63157894736842,159.0
911,101.0,188.0,-49.47368421052631,159.0
912,101.0,180.0,-47.36842105263157,159.0
913,101.0,187.0,-49.21052631578946,159.0
914,101.0,184.0,-48.42105263157894,159.0
915,101.0,170.0,-44.736842105263136,159.0
916,101.0,178.0,-46.842105263157876,159.0
917,101.0,171.0,-44.99999999999999,159.0
918,102.0,167.0,-43.94736842105261,159.0
919,102.0,170.0,-44.73684210526315,159.0
920,102.0,181.0,-47.63157894736842,159.0
921,102.0,175.0,-46.052631578947356,159.0
922,102.0,167.0,-43.94736842105262,159.0
923,102.0,164.0,-43.15789473684209,159.0
924,102.0,174.0,-45.78947368421053,159.0
925,102.0,170.0,-44.73684210526315,159.0
926,102.0,179.0,-47.10526315789472,159.0
927,103.0,174.0,-45.789473684210506,159.0
928,103.0,182.0,-47.894736842105246,159.0
929,103.0,173.0,-45.52631578947367,159.0
930,103.0,173.0,-45.526315789473664,159.0
931,103.0,165.0,-43.42105263157894,159.0
932,103.0,172.0,-45.26315789473684,159.0
933,103.0,176.0,-46.31578947368421,159.0
934,103.0,164.0,-43.15789473684209,159.0
935,103.0,178.0,-46.8421052631579,159.0
936,104.0,174.0,-45.78947368421051,159.0
937,104.0,183.0,-48.15789473684209,159.0
938,104.0,180.0,-47.36842105263157,159.0
939,104.0,181.0,-47.631578947368396,159.0
940,104.0,206.0,-54.210526315789465,159.0
941,104.0,177.0,-46.578947368421034,159.0
942,104.0,176.0,-46.315789473684184,159.0
943,104.0,172.0,-45.26315789473683,159.0
944,104.0,185.0,-48.68421052631578,159.0
945,105.0,173.0,-45.526315789473685,159.0
946,105.0,164.0,-43.15789473684211,159.0
947,105.0,181.0,-47.63157894736842,159.0
948,105.0,187.0,-49.210526315789465,159.0
949,105.0,176.0,-46.315789473684184,159.0
950,105.0,174.0,-45.78947368421051,159.0
951,105.0,184.0,-48.42105263157894,159.0
952,105.0,170.0,-44.73684210526313,159.0
953,105.0,191.0,-50.26315789473683,159.0
954,106.0,167.0,-43.94736842105262,159.0
955,106.0,174.0,-45.78947368421052,159.0
956,106.0,174.0,-45.78947368421052,159.0
957,106.0,165.0,-43.42105263157894,159.0
958,106.0,157.0,-41.31578947368419,157.0
959,106.0,170.0,-44.736842105263136,157.0
960,106.0,164.0,-43.157894736842096,157.0
961,106.0,168.0,-44.210526315789465,157.0
962,106.0,168.0,-44.21052631578947,157.0
963,107.0,170.0,-44.736842105263136,157.0
964,107.0,186.0,-48.94736842105262,157.0
965,107.0,175.0,-46.05263157894735,157.0
966,107.0,165.0,-43.42105263157894,157.0
967,107.0,190.0,-49.99999999999999,157.0
968,107.0,162.0,-42.63157894736841,157.0
969,107.0,168.0,-44.21052631578947,157.0
970,107.0,177.0,-46.57894736842105,157.0
971,107.0,195.0,-51.315789473684205,157.0
972,108.0,173.0,-45.52631578947368,157.0
973,108.0,167.0,-43.94736842105263,157.0
974,108.0,188.0,-49.473684210526315,157.0
975,108.0,164.0,-43.15789473684209,157.0
976,108.0,193.0,-50.78947368421052,157.0
977,108.0,164.0,-43.15789473684209,157.0
978,108.0,175.0,-46.05263157894737,157.0
979,108.0,170.0,-44.73684210526314,157.0
980,108.0,180.0,-47.36842105263157,157.0
981,109.0,195.0,-51.31578947368419,157.0
982,109.0,172.0,-45.26315789473684,157.0
983,109.0,166.0,-43.68421052631578,157.0
984,109.0,162.0,-42.63157894736839,157.0
985,109.0,181.0,-47.63157894736843,157.0
986,109.0,159.0,-41.84210526315788,157.0
987,109.0,170.0,-44.73684210526315,157.0
988,109.0,158.0,-41.57894736842104,157.0
989,109.0,203.0,-53.42105263157894,157.0
990,110.0,175.0,-46.052631578947356,157.0
991,110.0,170.0,-44.73684210526316,157.0
992,110.0,168.0,-44.21052631578947,157.0
993,110.0,175.0,-46.05263157894736,157.0
994,110.0,166.0,-43.684210526315766,157.0
995,110.0,182.0,-47.89473684210525,157.0
996,110.0,188.0,-49.4736842105263,157.0
997,110.0,176.0,-46.315789473684205,157.0
998,110.0,172.0,-45.26315789473685,157.0
999,111.0,169.0,-44.4736842105263,157.0
1000,111.0,179.0,-47.105263157894726,157.0
1001,111.0,172.0,-45.263157894736835,157.0
1002,111.0,170.0,-44.73684210526315,157.0
1003,111.0,192.0,-50.526315789473664,157.0
1004,111.0,178.0,-46.842105263157876,157.0
1005,111.0,173.0,-45.526315789473664,157.0
1006,111.0,170.0,-44.73684210526314,157.0
1007,111.0,199.0,-52.36842105263156,157.0
1008,112.0,183.0,-48.15789473684211,157.0
1009,112.0,181.0,-47.63157894736842,157.0
1010,112.0,183.0,-48.1578947368421,157.0
1011,112.0,203.0,-53.42105263157893,157.0
1012,112.0,182.0,-47.89473684210526,157.0
1013,112.0,171.0,-45.0,157.0
1014,112.0,182.0,-47.89473684210525,157.0
1015,112.0,171.0,-45.0,157.0
1016,112.0,169.0,-44.47368421052631,157.0
1017,113.0,169.0,-44.47368421052632,157.0
1018,113.0,180.0,-47.36842105263154,157.0
1019,113.0,168.0,-44.21052631578947,157.0
1020,113.0,177.0,-46.578947368421055,157.0
1021,113.0,164.0,-43.157894736842096,157.0
1022,113.0,182.0,-47.89473684210526,157.0
1023,113.0,171.0,-44.999999999999986,157.0
1024,113.0,169.0,-44.47368421052631,157.0
1025,113.0,197.0,-51.84210526315788,157.0
1026,114.0,164.0,-43.1578947368421,157.0
1027,114.0,172.0,-45.26315789473682,157.0
1028,114.0,169.0,-44.47368421052632,157.0
1029,114.0,183.0,-48.15789473684209,157.0
1030,114.0,162.0,-42.63157894736841,157.0
1031,114.0,184.0,-48.421052631578945,157.0
1032,114.0,173.0,-45.52631578947367,157.0
1033,114.0,165.0,-43.42105263157894,157.0
1034,114.0,169.0,-44.4736842105263,157.0
1035,115.0,171.0,-45.0,157.0
1036,115.0,178.0,-46.84210526315787,157.0
1037,115.0,173.0,-45.52631578947367,157.0
1038,115.0,168.0,-44.21052631578945,157.0
1039,115.0,172.0,-45.26315789473683,157.0
1040,115.0,176.0,-46.3157894736842,157.0
1041,115.0,187.0,-49.21052631578945,157.0
1042,115.0,179.0,-47.10526315789473,157.0
1043,115.0,173.0,-45.526315789473685,157.0
1044,116.0,175.0,-46.05263157894737,157.0
1045,116.0,173.0,-45.52631578947367,157.0
1046,116.0,167.0,-43.947368421052616,157.0
1047,116.0,175.0,-46.05263157894735,157.0
1048,116.0,207.0,-54.473684210526315,157.0
1049,116.0,175.0,-46.05263157894737,157.0
1050,116.0,183.0,-48.157894736842096,157.0
1051,116.0,166.0,-43.68421052631579,157.0
1052,116.0,168.0,-44.21052631578946,157.0
1053,117.0,176.0,-46.315789473684205,157.0
1054,117.0,171.0,-44.99999999999999,157.0
1055,117.0,174.0,-45.78947368421051,157.0
1056,117.0,176.0,-46.31578947368422,157.0
1057,117.0,173.0,-45.526315789473664,157.0
1058,117.0,164.0,-43.157894736842096,157.0
1059,117.0,167.0,-43.94736842105262,157.0
1060,117.0,169.0,-44.47368421052631,157.0
1061,117.0,165.0,-43.42105263157894,157.0
1062,118.0,169.0,-44.473684210526315,157.0
1063,118.0,176.0,-46.31578947368421,157.0
1064,118.0,169.0,-44.473684210526294,157.0
1065,118.0,183.0,-48.15789473684209,157.0
1066,118.0,168.0,-44.21052631578946,157.0
1067,118.0,180.0,-47.36842105263156,157.0
1068,118.0,171.0,-44.999999999999986,157.0
1069,118.0,177.0,-46.57894736842105,157.0
1070,118.0,179.0,-47.10526315789474,157.0
1071,119.0,163.0,-42.89473684210525,157.0
1072,119.0,175.0,-46.05263157894736,157.0
1073,119.0,163.0,-42.89473684210526,157.0
1074,119.0,190.0,-49.999999999999964,157.0
1075,119.0,187.0,-49.21052631578947,157.0
1076,119.0,159.0,-41.84210526315788,157.0
1077,119.0,183.0,-48.15789473684209,157.0
1078,119.0,171.0,-44.999999999999986,157.0
1079,119.0,188.0,-49.47368421052631,157.0
1080,120.0,183.0,-48.15789473684209,157.0
1081,120.0,170.0,-44.73684210526315,157.0
1082,120.0,166.0,-43.68421052631579,157.0
1083,120.0,174.0,-45.78947368421051,157.0
1084,120.0,173.0,-45.52631578947367,157.0
1085,120.0,168.0,-44.21052631578947,157.0
1086,120.0,167.0,-43.94736842105262,157.0
1087,120.0,172.0,-45.263157894736835,157.0
1088,120.0,191.0,-50.263157894736835,157.0
1089,121.0,169.0,-44.47368421052631,157.0
1090,121.0,188.0,-49.47368421052631,157.0
1091,121.0,175.0,-46.052631578947356,157.0
1092,121.0,159.0,-41.8421052631579,157.0
1093,121.0,169.0,-44.4736842105263,157.0
1094,121.0,173.0,-45.526315789473685,157.0
1095,121.0,165.0,-43.42105263157894,157.0
1096,121.0,176.0,-46.3157894736842,157.0
1097,121.0,172.0,-45.263157894736835,157.0
1098,122.0,182.0,-47.89473684210526,157.0
1099,122.0,180.0,-47.36842105263156,157.0
1100,122.0,177.0,-46.57894736842107,157.0
1101,122.0,172.0,-45.26315789473683,157.0
1102,122.0,201.0,-52.894736842105246,157.0
1103,122.0,179.0,-47.10526315789473,157.0
1104,122.0,178.0,-46.842105263157876,157.0
1105,122.0,204.0,-53.68421052631579,157.0
1106,122.0,168.0,-44.21052631578945,157.0
1107,123.0,168.0,-44.210526315789465,157.0
1108,123.0,176.0,-46.3157894736842,157.0
1109,123.0,189.0,-49.736842105263165,157.0
1110,123.0,176.0,-46.315789473684205,157.0
1111,123.0,169.0,-44.47368421052631,157.0
1112,123.0,173.0,-45.52631578947367,157.0
1113,123.0,189.0,-49.73684210526314,157.0
1114,123.0,171.0,-44.999999999999986,157.0
1115,123.0,167.0,-43.94736842105263,157.0
1116,124.0,174.0,-45.78947368421053,157.0
1117,124.0,173.0,-45.526315789473664,157.0
1118,124.0,180.0,-47.36842105263155,157.0
1119,124.0,159.0,-41.84210526315789,157.0
1120,124.0,165.0,-43.42105263157893,157.0
1121,124.0,181.0,-47.631578947368396,157.0
1122,124.0,177.0,-46.57894736842105,157.0
1123,124.0,165.0,-43.42105263157893,157.0
1124,124.0,180.0,-47.36842105263156,157.0
1125,125.0,169.0,-44.473684210526315,157.0
1126,125.0,197.0,-51.84210526315789,157.0
1127,125.0,170.0,-44.73684210526315,157.0
1128,125.0,173.0,-45.526315789473664,157.0
1129,125.0,162.0,-42.63157894736842,157.0
1130,125.0,173.0,-45.526315789473664,157.0
1131,125.0,173.0,-45.52631578947368,157.0
1132,125.0,171.0,-45.0,157.0
1133,125.0,169.0,-44.473684210526315,157.0
1134,126.0,174.0,-45.78947368421051,157.0
1135,126.0,170.0,-44.736842105263136,157.0
1136,126.0,168.0,-44.210526315789465,157.0
1137,126.0,174.0,-45.78947368421053,157.0
1138,126.0,174.0,-45.789473684210506,157.0
1139,126.0,176.0,-46.3157894736842,157.0
1140,126.0,167.0,-43.94736842105263,157.0
1141,126.0,184.0,-48.42105263157894,157.0
1142,126.0,180.0,-47.36842105263156,157.0
1143,127.0,176.0,-46.3157894736842,157.0
1144,127.0,190.0,-50.0,157.0
1145,127.0,180.0,-47.36842105263156,157.0
1146,127.0,180.0,-47.36842105263157,157.0
1147,127.0,197.0,-51.84210526315789,157.0
1148,127.0,170.0,-44.73684210526315,157.0
1149,127.0,167.0,-43.94736842105261,157.0
1150,127.0,166.0,-43.68421052631578,157.0
1151,127.0,185.0,-48.68421052631577,157.0
1152,128.0,161.0,-42.368421052631554,157.0
1153,128.0,176.0,-46.3157894736842,157.0
1154,128.0,160.0,-42.10526315789472,157.0
1155,128.0,169.0,-44.473684210526315,157.0
1156,128.0,167.0,-43.94736842105261,157.0
1157,128.0,173.0,-45.52631578947367,157.0
1158,128.0,173.0,-45.52631578947369,157.0
1159,128.0,174.0,-45.78947368421052,157.0
1160,128.0,154.0,-40.52631578947367,154.0
1161,129.0,165.0,-43.42105263157892,154.0
1162,129.0,165.0,-43.42105263157894,154.0
1163,129.0,164.0,-43.1578947368421,154.0
1164,129.0,181.0,-47.63157894736841,154.0
1165,129.0,159.0,-41.84210526315788,154.0
1166,129.0,165.0,-43.42105263157893,154.0
1167,129.0,171.0,-44.99999999999999,154.0
1168,129.0,179.0,-47.105263157894726,154.0
1169,129.0,160.0,-42.10526315789473,154.0
1170,130.0,163.0,-42.89473684210525,154.0
1171,130.0,168.0,-44.21052631578947,154.0
1172,130.0,159.0,-41.84210526315788,154.0
1173,130.0,167.0,-43.94736842105262,154.0
1174,130.0,188.0,-49.4736842105263,154.0
1175,130.0,178.0,-46.842105263157904,154.0
1176,130.0,164.0,-43.157894736842096,154.0
1177,130.0,172.0,-45.26315789473683,154.0
1178,130.0,159.0,-41.84210526315788,154.0
1179,131.0,166.0,-43.68421052631577,154.0
1180,131.0,162.0,-42.63157894736841,154.0
1181,131.0,165.0,-43.42105263157893,154.0
1182,131.0,172.0,-45.26315789473682,154.0
1183,131.0,160.0,-42.10526315789474,154.0
1184,131.0,171.0,-44.99999999999998,154.0
1185,131.0,174.0,-45.78947368421052,154.0
1186,131.0,173.0,-45.52631578947368,154.0
1187,131.0,171.0,-44.99999999999999,154.0
1188,132.0,162.0,-42.63157894736841,154.0
1189,132.0,162.0,-42.63157894736841,154.0
1190,132.0,159.0,-41.84210526315788,154.0
1191,132.0,162.0,-42.63157894736841,154.0
1192,132.0,165.0,-43.42105263157893,154.0
1193,132.0,164.0,-43.1578947368421,154.0
1194,132.0,169.0,-44.47368421052631,154.0
1195,132.0,160.0,-42.10526315789471,154.0
1196,132.0,172.0,-45.26315789473682,154.0
1197,133.0,169.0,-44.47368421052632,154.0
1198,133.0,184.0,-48.42105263157894,154.0
1199,133.0,176.0,-46.31578947368418,154.0
1200,133.0,172.0,-45.26315789473683,154.0
1201,133.0,178.0,-46.8421052631579,154.0
1202,133.0,166.0,-43.68421052631579,154.0
1203,133.0,169.0,-44.473684210526294,154.0
1204,133.0,172.0,-45.26315789473684,154.0
1205,133.0,172.0,-45.26315789473685,154.0
1206,134.0,168.0,-44.21052631578947,154.0
1207,134.0,167.0,-43.94736842105262,154.0
1208,134.0,168.0,-44.21052631578947,154.0
1209,134.0,164.0,-43.15789473684209,154.0
1210,134.0,173.0,-45.52631578947368,154.0
1211,134.0,169.0,-44.473684210526315,154.0
1212,134.0,172.0,-45.26315789473682,154.0
1213,134.0,191.0,-50.26315789473684,154.0
1214,134.0,169.0,-44.473684210526315,154.0
1215,135.0,185.0,-48.68421052631578,154.0
1216,135.0,186.0,-48.947368421052616,154.0
1217,135.0,174.0,-45.78947368421051,154.0
1218,135.0,200.0,-52.63157894736843,154.0
1219,135.0,168.0,-44.210526315789465,154.0
1220,135.0,178.0,-46.84210526315788,154.0
1221,135.0,177.0,-46.578947368421034,154.0
1222,135.0,166.0,-43.68421052631579,154.0
1223,135.0,167.0,-43.94736842105263,154.0
1224,136.0,166.0,-43.68421052631578,154.0
1225,136.0,156.0,-41.05263157894735,154.0
1226,136.0,183.0,-48.157894736842096,154.0
1227,136.0,173.0,-45.526315789473685,154.0
1228,136.0,173.0,-45.526315789473685,154.0
1229,136.0,170.0,-44.73684210526315,154.0
1230,136.0,182.0,-47.89473684210524,154.0
1231,136.0,164.0,-43.15789473684209,154.0
1232,136.0,175.0,-46.05263157894736,154.0
1233,137.0,173.0,-45.52631578947367,154.0
1234,137.0,168.0,-44.21052631578946,154.0
1235,137.0,169.0,-44.4736842105263,154.0
1236,137.0,177.0,-46.578947368421055,154.0
1237,137.0,174.0,-45.78947368421052,154.0
1238,137.0,168.0,-44.21052631578946,154.0
1239,137.0,177.0,-46.57894736842105,154.0
1240,137.0,194.0,-51.05263157894737,154.0
1241,137.0,171.0,-44.99999999999999,154.0
1242,138.0,179.0,-47.10526315789473,154.0
1243,138.0,170.0,-44.736842105263136,154.0
1244,138.0,183.0,-48.1578947368421,154.0
1245,138.0,172.0,-45.26315789473683,154.0
1246,138.0,173.0,-45.526315789473685,154.0
1247,138.0,171.0,-44.999999999999986,154.0
1248,138.0,159.0,-41.84210526315789,154.0
1249,138.0,165.0,-43.421052631578924,154.0
1250,138.0,165.0,-43.42105263157894,154.0
1251,139.0,165.0,-43.42105263157894,154.0
1252,139.0,175.0,-46.05263157894736,154.0
1253,139.0,164.0,-43.157894736842096,154.0
1254,139.0,178.0,-46.84210526315788,154.0
1255,139.0,159.0,-41.842105263157876,154.0
1256,139.0,169.0,-44.473684210526294,154.0
1257,139.0,169.0,-44.47368421052631,154.0
1258,139.0,170.0,-44.73684210526315,154.0
1259,139.0,169.0,-44.4736842105263,154.0
1260,140.0,159.0,-41.842105263157876,154.0
1261,140.0,159.0,-41.84210526315789,154.0
1262,140.0,168.0,-44.210526315789465,154.0
1263,140.0,169.0,-44.47368421052631,154.0
1264,140.0,171.0,-44.999999999999986,154.0
1265,140.0,175.0,-46.05263157894738,154.0
1266,140.0,164.0,-43.15789473684209,154.0
1267,140.0,169.0,-44.47368421052631,154.0
1268,140.0,188.0,-49.473684210526294,154.0
1269,141.0,174.0,-45.78947368421052,154.0
1270,141.0,166.0,-43.68421052631578,154.0
1271,141.0,178.0,-46.84210526315789,154.0
1272,141.0,175.0,-46.05263157894736,154.0
1273,141.0,167.0,-43.94736842105263,154.0
1274,141.0,177.0,-46.57894736842105,154.0
1275,141.0,165.0,-43.42105263157894,154.0
1276,141.0,165.0,-43.42105263157892,154.0
1277,141.0,159.0,-41.84210526315789,154.0
1278,142.0,157.0,-41.3157894736842,154.0
1279,142.0,176.0,-46.31578947368421,154.0
1280,142.0,161.0,-42.368421052631575,154.0
1281,142.0,159.0,-41.8421052631579,154.0
1282,142.0,165.0,-43.42105263157893,154.0
1283,142.0,173.0,-45.52631578947368,154.0
1284,142.0,166.0,-43.68421052631577,154.0
1285,142.0,166.0,-43.68421052631579,154.0
1286,142.0,160.0,-42.105263157894726,154.0
1287,143.0,164.0,-43.1578947368421,154.0
1288,143.0,166.0,-43.68421052631579,154.0
1289,143.0,165.0,-43.421052631578945,154.0
1290,143.0,178.0,-46.8421052631579,154.0
1291,143.0,168.0,-44.21052631578946,154.0
1292,143.0,172.0,-45.26315789473684,154.0
1293,143.0,166.0,-43.68421052631577,154.0
1294,143.0,185.0,-48.68421052631577,154.0
1295,143.0,165.0,-43.42105263157893,154.0
1296,144.0,171.0,-44.99999999999999,154.0
1297,144.0,176.0,-46.31578947368419,154.0
1298,144.0,175.0,-46.05263157894737,154.0
1299,144.0,162.0,-42.6315789473684,154.0
1300,144.0,164.0,-43.1578947368421,154.0
1301,144.0,162.0,-42.63157894736841,154.0
1302,144.0,175.0,-46.05263157894738,154.0
1303,144.0,170.0,-44.73684210526316,154.0
1304,144.0,159.0,-41.84210526315788,154.0
1305,145.0,173.0,-45.52631578947368,154.0
1306,145.0,171.0,-44.99999999999999,154.0
1307,145.0,164.0,-43.1578947368421,154.0
1308,145.0,177.0,-46.57894736842105,154.0
1309,145.0,176.0,-46.3157894736842,154.0
1310,145.0,170.0,-44.73684210526314,154.0
1311,145.0,170.0,-44.73684210526314,154.0
1312,145.0,158.0,-41.57894736842104,154.0
1313,145.0,168.0,-44.21052631578946,154.0
1314,146.0,181.0,-47.63157894736841,154.0
1315,146.0,175.0,-46.05263157894737,154.0
1316,146.0,178.0,-46.84210526315787,154.0
1317,146.0,185.0,-48.68421052631578,154.0
1318,146.0,156.0,-41.05263157894736,154.0
1319,146.0,173.0,-45.52631578947369,154.0
1320,146.0,169.0,-44.473684210526315,154.0
1321,146.0,165.0,-43.42105263157894,154.0
1322,146.0,171.0,-45.00000000000001,154.0
1323,147.0,172.0,-45.263157894736835,154.0
1324,147.0,173.0,-45.52631578947368,154.0
1325,147.0,174.0,-45.789473684210535,154.0
1326,147.0,174.0,-45.78947368421052,154.0
1327,147.0,164.0,-43.1578947368421,154.0
1328,147.0,167.0,-43.94736842105261,154.0
1329,147.0,170.0,-44.73684210526316,154.0
1330,147.0,173.0,-45.526315789473685,154.0
1331,147.0,170.0,-44.736842105263165,154.0
1332,148.0,161.0,-42.36842105263157,154.0
1333,148.0,176.0,-46.315789473684205,154.0
1334,148.0,159.0,-41.84210526315788,154.0
1335,148.0,156.0,-41.05263157894736,154.0
1336,148.0,161.0,-42.36842105263156,154.0
1337,148.0,165.0,-43.42105263157894,154.0
1338,148.0,173.0,-45.52631578947367,154.0
1339,148.0,181.0,-47.63157894736842,154.0
1340,148.0,173.0,-45.52631578947368,154.0
1341,149.0,174.0,-45.78947368421051,154.0
1342,149.0,179.0,-47.10526315789473,154.0
1343,149.0,170.0,-44.73684210526315,154.0
1344,149.0,177.0,-46.578947368421055,154.0
1345,149.0,170.0,-44.73684210526312,154.0
1346,149.0,171.0,-45.0,154.0
1347,149.0,174.0,-45.7894736842105,154.0
1348,149.0,177.0,-46.57894736842105,154.0
1349,149.0,172.0,-45.263157894736835,154.0
1350,150.0,167.0,-43.94736842105263,154.0
1351,150.0,178.0,-46.842105263157876,154.0
1352,150.0,185.0,-48.68421052631577,154.0
1353,150.0,184.0,-48.421052631578924,154.0
1354,150.0,184.0,-48.421052631578945,154.0
1355,150.0,162.0,-42.63157894736839,154.0
1356,150.0,179.0,-47.105263157894726,154.0
1357,150.0,166.0,-43.68421052631577,154.0
1358,150.0,168.0,-44.210526315789465,154.0
1359,151.0,169.0,-44.47368421052631,154.0
1360,151.0,160.0,-42.105263157894726,154.0
1361,151.0,168.0,-44.21052631578946,154.0
1362,151.0,165.0,-43.421052631578945,154.0
1363,151.0,162.0,-42.63157894736844,154.0
1364,151.0,161.0,-42.36842105263156,154.0
1365,151.0,179.0,-47.10526315789474,154.0
1366,151.0,169.0,-44.473684210526315,154.0
1367,151.0,166.0,-43.68421052631578,154.0
1368,152.0,180.0,-47.36842105263157,154.0
1369,152.0,184.0,-48.421052631578924,154.0
1370,152.0,172.0,-45.263157894736835,154.0
1371,152.0,166.0,-43.68421052631579,154.0
1372,152.0,175.0,-46.05263157894737,154.0
1373,152.0,169.0,-44.4736842105263,154.0
1374,152.0,171.0,-45.0,154.0
1375,152.0,159.0,-41.84210526315789,154.0
1376,152.0,158.0,-41.578947368421034,154.0
1377,153.0,160.0,-42.105263157894726,154.0
1378,153.0,163.0,-42.89473684210526,154.0
1379,153.0,174.0,-45.78947368421052,154.0
1380,153.0,160.0,-42.10526315789473,154.0
1381,153.0,168.0,-44.21052631578946,154.0
1382,153.0,173.0,-45.52631578947369,154.0
1383,153.0,178.0,-46.84210526315789,154.0
1384,153.0,184.0,-48.421052631578924,154.0
1385,153.0,186.0,-48.947368421052616,154.0
1386,154.0,161.0,-42.36842105263158,154.0
1387,154.0,186.0,-48.94736842105263,154.0
1388,154.0,169.0,-44.47368421052632,154.0
1389,154.0,159.0,-41.84210526315789,154.0
1390,154.0,162.0,-42.631578947368396,154.0
1391,154.0,171.0,-44.99999999999999,154.0
1392,154.0,176.0,-46.315789473684205,154.0
1393,154.0,169.0,-44.47368421052631,154.0
1394,154.0,168.0,-44.21052631578948,154.0
1395,155.0,161.0,-42.36842105263158,154.0
1396,155.0,173.0,-45.526315789473685,154.0
1397,155.0,167.0,-43.947368421052616,154.0
1398,155.0,169.0,-44.473684210526315,154.0
1399,155.0,162.0,-42.6315789473684,154.0
1400,155.0,182.0,-47.89473684210525,154.0
1401,155.0,165.0,-43.42105263157893,154.0
1402,155.0,172.0,-45.26315789473684,154.0
1403,155.0,179.0,-47.105263157894726,154.0
1404,156.0,173.0,-45.526315789473685,154.0
1405,156.0,176.0,-46.31578947368421,154.0
1406,156.0,178.0,-46.84210526315788,154.0
1407,156.0,169.0,-44.4736842105263,154.0
1408,156.0,168.0,-44.21052631578946,154.0
1409,156.0,160.0,-42.105263157894726,154.0
1410,156.0,170.0,-44.73684210526314,154.0
1411,156.0,169.0,-44.473684210526315,154.0
1412,156.0,170.0,-44.73684210526316,154.0
1413,157.0,178.0,-46.842105263157876,154.0
1414,157.0,166.0,-43.68421052631579,154.0
1415,157.0,177.0,-46.578947368421034,154.0
1416,157.0,184.0,-48.42105263157894,154.0
1417,157.0,177.0,-46.57894736842103,154.0
1418,157.0,179.0,-47.105263157894726,154.0
1419,157.0,171.0,-45.0,154.0
1420,157.0,157.0,-41.3157894736842,154.0
1421,157.0,172.0,-45.26315789473684,154.0
1422,158.0,164.0,-43.1578947368421,154.0
1423,158.0,156.0,-41.05263157894736,154.0
1424,158.0,170.0,-44.73684210526315,154.0
1425,158.0,162.0,-42.631578947368396,154.0
1426,158.0,175.0,-46.052631578947356,154.0
1427,158.0,164.0,-43.15789473684209,154.0
1428,158.0,186.0,-48.947368421052616,154.0
1429,158.0,174.0,-45.78947368421053,154.0
1430,158.0,165.0,-43.42105263157893,154.0
1431,159.0,155.0,-40.78947368421051,154.0
1432,159.0,169.0,-44.47368421052629,154.0
1433,159.0,175.0,-46.05263157894735,154.0
1434,159.0,169.0,-44.4736842105263,154.0
1435,159.0,169.0,-44.4736842105263,154.0
1436,159.0,162.0,-42.631578947368425,154.0
1437,159.0,186.0,-48.94736842105261,154.0
1438,159.0,163.0,-42.89473684210524,154.0
1439,159.0,186.0,-48.94736842105263,154.0
1440,160.0,159.0,-41.84210526315788,154.0
1441,160.0,163.0,-42.89473684210527,154.0
1442,160.0,169.0,-44.47368421052629,154.0
1443,160.0,178.0,-46.842105263157876,154.0
1444,160.0,160.0,-42.10526315789472,154.0
1445,160.0,174.0,-45.789473684210535,154.0
1446,160.0,159.0,-41.842105263157876,154.0
1447,160.0,166.0,-43.68421052631578,154.0
1448,160.0,169.0,-44.47368421052631,154.0
1449,161.0,176.0,-46.31578947368421,154.0
1450,161.0,181.0,-47.63157894736842,154.0
1451,161.0,167.0,-43.94736842105263,154.0
1452,161.0,165.0,-43.42105263157893,154.0
1453,161.0,182.0,-47.89473684210525,154.0
1454,161.0,175.0,-46.052631578947356,154.0
1455,161.0,169.0,-44.4736842105263,154.0
1456,161.0,174.0,-45.789473684210506,154.0
1457,161.0,171.0,-45.0,154.0
1458,162.0,169.0,-44.4736842105263,154.0
1459,162.0,159.0,-41.84210526315788,154.0
1460,162.0,192.0,-50.526315789473664,154.0
1461,162.0,167.0,-43.94736842105262,154.0
1462,162.0,164.0,-43.157894736842096,154.0
1463,162.0,174.0,-45.78947368421052,154.0
1464,162.0,179.0,-47.10526315789474,154.0
1465,162.0,177.0,-46.57894736842105,154.0
1466,162.0,170.0,-44.73684210526315,154.0
1467,163.0,156.0,-41.05263157894737,154.0
1468,163.0,168.0,-44.21052631578946,154.0
1469,163.0,169.0,-44.473684210526315,154.0
1470,163.0,156.0,-41.05263157894736,154.0
1471,163.0,163.0,-42.89473684210526,154.0
1472,163.0,160.0,-42.105263157894726,154.0
1473,163.0,167.0,-43.947368421052616,154.0
1474,163.0,168.0,-44.21052631578947,154.0
1475,163.0,164.0,-43.1578947368421,154.0
1476,164.0,166.0,-43.68421052631578,154.0
1477,164.0,156.0,-41.05263157894736,154.0
1478,164.0,173.0,-45.52631578947368,154.0
1479,164.0,165.0,-43.421052631578945,154.0
1480,164.0,167.0,-43.94736842105262,154.0
1481,164.0,166.0,-43.684210526315766,154.0
1482,164.0,191.0,-50.26315789473683,154.0
1483,164.0,175.0,-46.052631578947356,154.0
1484,164.0,157.0,-41.31578947368419,154.0
1485,165.0,167.0,-43.94736842105261,154.0
1486,165.0,173.0,-45.526315789473664,154.0
1487,165.0,168.0,-44.210526315789465,154.0
1488,165.0,170.0,-44.73684210526316,154.0
1489,165.0,159.0,-41.84210526315789,154.0
1490,165.0,164.0,-43.15789473684209,154.0
1491,165.0,177.0,-46.57894736842104,154.0
1492,165.0,164.0,-43.15789473684211,154.0
1493,165.0,162.0,-42.63157894736842,154.0
1494,166.0,173.0,-45.52631578947368,154.0
1495,166.0,178.0,-46.84210526315789,154.0
1496,166.0,164.0,-43.157894736842096,154.0
1497,166.0,167.0,-43.947368421052616,154.0
1498,166.0,164.0,-43.15789473684211,154.0
1499,166.0,170.0,-44.736842105263136,154.0
1500,166.0,168.0,-44.21052631578947,154.0
1501,166.0,167.0,-43.94736842105263,154.0
1502,166.0,212.0,-55.78947368421051,154.0
1503,167.0,179.0,-47.10526315789473,154.0
1504,167.0,155.0,-40.78947368421052,154.0
1505,167.0,171.0,-44.999999999999986,154.0
1506,167.0,159.0,-41.84210526315789,154.0
1507,167.0,159.0,-41.84210526315788,154.0
1508,167.0,168.0,-44.21052631578946,154.0
1509,167.0,163.0,-42.89473684210523,154.0
1510,167.0,173.0,-45.52631578947368,154.0
1511,167.0,167.0,-43.94736842105263,154.0
1512,168.0,181.0,-47.631578947368425,154.0
1513,168.0,173.0,-45.526315789473685,154.0
1514,168.0,166.0,-43.68421052631578,154.0
1515,168.0,169.0,-44.47368421052633,154.0
1516,168.0,162.0,-42.63157894736842,154.0
1517,168.0,168.0,-44.21052631578947,154.0
1518,168.0,169.0,-44.473684210526315,154.0
1519,168.0,182.0,-47.89473684210526,154.0
1520,168.0,160.0,-42.10526315789473,154.0
1521,169.0,167.0,-43.94736842105263,154.0
1522,169.0,169.0,-44.4736842105263,154.0
1523,169.0,175.0,-46.05263157894737,154.0
1524,169.0,168.0,-44.21052631578946,154.0
1525,169.0,173.0,-45.52631578947366,154.0
1526,169.0,171.0,-45.00000000000001,154.0
1527,169.0,163.0,-42.894736842105246,154.0
1528,169.0,165.0,-43.421052631578945,154.0
1529,169.0,172.0,-45.26315789473683,154.0
1530,170.0,185.0,-48.68421052631579,154.0
1531,170.0,163.0,-42.894736842105246,154.0
1532,170.0,184.0,-48.42105263157892,154.0
1533,170.0,163.0,-42.89473684210526,154.0
1534,170.0,180.0,-47.36842105263158,154.0
1535,170.0,163.0,-42.89473684210525,154.0
1536,170.0,175.0,-46.052631578947334,154.0
1537,170.0,177.0,-46.57894736842104,154.0
1538,170.0,167.0,-43.94736842105264,154.0
1539,171.0,162.0,-42.63157894736841,154.0
1540,171.0,162.0,-42.63157894736841,154.0
1541,171.0,170.0,-44.73684210526315,154.0
1542,171.0,170.0,-44.73684210526315,154.0
1543,171.0,173.0,-45.526315789473664,154.0
1544,171.0,170.0,-44.73684210526317,154.0
1545,171.0,172.0,-45.26315789473683,154.0
1546,171.0,159.0,-41.8421052631579,154.0
1547,171.0,164.0,-43.157894736842096,154.0
1548,172.0,163.0,-42.89473684210524,154.0
1549,172.0,168.0,-44.21052631578947,154.0
1550,172.0,173.0,-45.52631578947369,154.0
1551,172.0,174.0,-45.78947368421052,154.0
1552,172.0,161.0,-42.36842105263157,154.0
1553,172.0,169.0,-44.4736842105263,154.0
1554,172.0,177.0,-46.578947368421034,154.0
1555,172.0,164.0,-43.15789473684208,154.0
1556,172.0,176.0,-46.31578947368418,154.0
1557,173.0,163.0,-42.894736842105246,154.0
1558,173.0,166.0,-43.684210526315766,154.0
1559,173.0,169.0,-44.473684210526294,154.0
1560,173.0,164.0,-43.15789473684209,154.0
1561,173.0,164.0,-43.157894736842096,154.0
1562,173.0,159.0,-41.84210526315788,154.0
1563,173.0,174.0,-45.78947368421052,154.0
1564,173.0,167.0,-43.94736842105262,154.0
1565,173.0,171.0,-44.99999999999998,154.0
1566,174.0,183.0,-48.15789473684208,154.0
1567,174.0,159.0,-41.842105263157876,154.0
1568,174.0,172.0,-45.263157894736835,154.0
1569,174.0,166.0,-43.68421052631577,154.0
1570,174.0,177.0,-46.57894736842104,154.0
1571,174.0,167.0,-43.947368421052616,154.0
1572,174.0,162.0,-42.63157894736841,154.0
1573,174.0,163.0,-42.89473684210524,154.0
1574,174.0,175.0,-46.05263157894737,154.0
1575,175.0,175.0,-46.05263157894737,154.0
1576,175.0,170.0,-44.73684210526315,154.0
1577,175.0,175.0,-46.05263157894738,154.0
1578,175.0,162.0,-42.63157894736841,154.0
1579,175.0,179.0,-47.105263157894726,154.0
1580,175.0,173.0,-45.52631578947367,154.0
1581,175.0,174.0,-45.789473684210535,154.0
1582,175.0,166.0,-43.68421052631578,154.0
1583,175.0,159.0,-41.84210526315788,154.0
1584,176.0,169.0,-44.473684210526315,154.0
1585,176.0,176.0,-46.31578947368421,154.0
1586,176.0,155.0,-40.78947368421053,154.0
1587,176.0,173.0,-45.526315789473664,154.0
1588,176.0,178.0,-46.84210526315789,154.0
1589,176.0,181.0,-47.631578947368396,154.0
1590,176.0,165.0,-43.42105263157894,154.0
1591,176.0,163.0,-42.89473684210525,154.0
1592,176.0,175.0,-46.05263157894736,154.0
1593,177.0,170.0,-44.736842105263165,154.0
1594,177.0,177.0,-46.57894736842104,154.0
1595,177.0,179.0,-47.105263157894726,154.0
1596,177.0,159.0,-41.842105263157876,154.0
1597,177.0,178.0,-46.84210526315789,154.0
1598,177.0,157.0,-41.31578947368419,154.0
1599,177.0,160.0,-42.10526315789473,154.0
1600,177.0,156.0,-41.052631578947356,154.0
1601,177.0,167.0,-43.94736842105262,154.0
1602,178.0,159.0,-41.8421052631579,154.0
1603,178.0,165.0,-43.42105263157896,154.0
1604,178.0,169.0,-44.47368421052631,154.0
1605,178.0,169.0,-44.47368421052629,154.0
1606,178.0,173.0,-45.526315789473685,154.0
1607,178.0,172.0,-45.263157894736835,154.0
1608,178.0,173.0,-45.526315789473664,154.0
1609,178.0,172.0,-45.263157894736835,154.0
1610,178.0,159.0,-41.8421052631579,154.0
1611,179.0,176.0,-46.31578947368419,154.0
1612,179.0,163.0,-42.894736842105246,154.0
1613,179.0,173.0,-45.52631578947368,154.0
1614,179.0,159.0,-41.84210526315788,154.0
1615,179.0,175.0,-46.05263157894736,154.0
1616,179.0,167.0,-43.947368421052616,154.0
1617,179.0,184.0,-48.42105263157894,154.0
1618,179.0,167.0,-43.94736842105262,154.0
1619,179.0,163.0,-42.89473684210526,154.0
1620,180.0,174.0,-45.789473684210506,154.0
1621,180.0,169.0,-44.473684210526315,154.0
1622,180.0,172.0,-45.26315789473684,154.0
1623,180.0,157.0,-41.31578947368419,154.0
1624,180.0,168.0,-44.210526315789465,154.0
1625,180.0,164.0,-43.15789473684208,154.0
1626,180.0,167.0,-43.94736842105261,154.0
1627,180.0,178.0,-46.84210526315789,154.0
1628,180.0,158.0,-41.578947368421034,154.0
1629,181.0,172.0,-45.263157894736835,154.0
1630,181.0,174.0,-45.78947368421053,154.0
1631,181.0,164.0,-43.15789473684211,154.0
1632,181.0,170.0,-44.73684210526315,154.0
1633,181.0,185.0,-48.68421052631579,154.0
1634,181.0,168.0,-44.21052631578947,154.0
1635,181.0,177.0,-46.57894736842103,154.0
1636,181.0,172.0,-45.26315789473682,154.0
1637,181.0,173.0,-45.52631578947368,154.0
1638,182.0,157.0,-41.3157894736842,154.0
1639,182.0,166.0,-43.68421052631578,154.0
1640,182.0,163.0,-42.89473684210525,154.0
1641,182.0,169.0,-44.47368421052632,154.0
1642,182.0,164.0,-43.1578947368421,154.0
1643,182.0,169.0,-44.4736842105263,154.0
1644,182.0,173.0,-45.52631578947367,154.0
1645,182.0,169.0,-44.473684210526315,154.0
1646,182.0,166.0,-43.68421052631579,154.0
1647,183.0,164.0,-43.157894736842096,154.0
1648,183.0,159.0,-41.84210526315788,154.0
1649,183.0,173.0,-45.526315789473664,154.0
1650,183.0,178.0,-46.84210526315789,154.0
1651,183.0,167.0,-43.94736842105262,154.0
1652,183.0,162.0,-42.63157894736841,154.0
1653,183.0,166.0,-43.68421052631578,154.0
1654,183.0,182.0,-47.89473684210525,154.0
1655,183.0,169.0,-44.47368421052631,154.0
1656,184.0,163.0,-42.894736842105246,154.0
1657,184.0,171.0,-45.0,154.0
1658,184.0,173.0,-45.52631578947367,154.0
1659,184.0,162.0,-42.631578947368396,154.0
1660,184.0,157.0,-41.31578947368419,154.0
1661,184.0,162.0,-42.6315789473684,154.0
1662,184.0,176.0,-46.3157894736842,154.0
1663,184.0,168.0,-44.21052631578948,154.0
1664,184.0,154.0,-40.52631578947367,154.0
1665,185.0,172.0,-45.26315789473684,154.0
1666,185.0,174.0,-45.78947368421051,154.0
1667,185.0,156.0,-41.052631578947356,154.0
1668,185.0,164.0,-43.15789473684209,154.0
1669,185.0,163.0,-42.89473684210525,154.0
1670,185.0,166.0,-43.684210526315766,154.0
1671,185.0,162.0,-42.63157894736841,154.0
1672,185.0,170.0,-44.73684210526314,154.0
1673,185.0,157.0,-41.3157894736842,154.0
1674,186.0,171.0,-45.0,154.0
1675,186.0,167.0,-43.94736842105262,154.0
1676,186.0,159.0,-41.84210526315789,154.0
1677,186.0,173.0,-45.526315789473664,154.0
1678,186.0,167.0,-43.94736842105261,154.0
1679,186.0,192.0,-50.52631578947367,154.0
1680,186.0,169.0,-44.4736842105263,154.0
1681,186.0,169.0,-44.47368421052631,154.0
1682,186.0,167.0,-43.947368421052616,154.0
1683,187.0,157.0,-41.315789473684205,154.0
1684,187.0,169.0,-44.4736842105263,154.0
1685,187.0,172.0,-45.26315789473683,154.0
1686,187.0,162.0,-42.6315789473684,154.0
1687,187.0,167.0,-43.94736842105262,154.0
1688,187.0,172.0,-45.26315789473683,154.0
1689,187.0,177.0,-46.57894736842105,154.0
1690,187.0,164.0,-43.15789473684209,154.0
1691,187.0,165.0,-43.42105263157894,154.0
1692,188.0,159.0,-41.84210526315789,154.0
1693,188.0,165.0,-43.42105263157894,154.0
1694,188.0,162.0,-42.6315789473684,154.0
1695,188.0,169.0,-44.473684210526294,154.0
1696,188.0,172.0,-45.26315789473684,154.0
1697,188.0,159.0,-41.8421052631579,154.0
1698,188.0,182.0,-47.89473684210526,154.0
1699,188.0,168.0,-44.210526315789465,154.0
1700,188.0,172.0,-45.26315789473684,154.0
1701,189.0,170.0,-44.73684210526316,154.0
1702,189.0,165.0,-43.42105263157895,154.0
1703,189.0,170.0,-44.73684210526315,154.0
1704,189.0,167.0,-43.94736842105263,154.0
1705,189.0,166.0,-43.68421052631578,154.0
1706,189.0,160.0,-42.105263157894726,154.0
1707,189.0,159.0,-41.84210526315789,154.0
1708,189.0,172.0,-45.26315789473684,154.0
1709,189.0,167.0,-43.94736842105264,154.0
1710,190.0,173.0,-45.52631578947368,154.0
1711,190.0,164.0,-43.15789473684209,154.0
1712,190.0,176.0,-46.315789473684205,154.0
1713,190.0,159.0,-41.84210526315787,154.0
1714,190.0,163.0,-42.89473684210524,154.0
1715,190.0,168.0,-44.21052631578946,154.0
1716,190.0,165.0,-43.421052631578945,154.0
1717,190.0,165.0,-43.42105263157894,154.0
1718,190.0,170.0,-44.736842105263136,154.0
1719,191.0,159.0,-41.84210526315789,154.0
1720,191.0,157.0,-41.3157894736842,154.0
1721,191.0,167.0,-43.94736842105263,154.0
1722,191.0,160.0,-42.10526315789474,154.0
1723,191.0,173.0,-45.526315789473664,154.0
1724,191.0,170.0,-44.736842105263136,154.0
1725,191.0,173.0,-45.52631578947368,154.0
1726,191.0,170.0,-44.73684210526315,154.0
1727,191.0,167.0,-43.94736842105263,154.0
1728,192.0,156.0,-41.05263157894736,154.0
1729,192.0,170.0,-44.73684210526316,154.0
1730,192.0,166.0,-43.68421052631577,154.0
1731,192.0,159.0,-41.84210526315788,154.0
1732,192.0,179.0,-47.10526315789472,154.0
1733,192.0,167.0,-43.947368421052616,154.0
1734,192.0,172.0,-45.263157894736835,154.0
1735,192.0,168.0,-44.21052631578946,154.0
1736,192.0,162.0,-42.63157894736842,154.0
1737,193.0,162.0,-42.63157894736841,154.0
1738,193.0,168.0,-44.21052631578948,154.0
1739,193.0,168.0,-44.210526315789465,154.0
1740,193.0,169.0,-44.47368421052631,154.0
1741,193.0,160.0,-42.10526315789472,154.0
1742,193.0,174.0,-45.78947368421053,154.0
1743,193.0,170.0,-44.73684210526314,154.0
1744,193.0,159.0,-41.84210526315788,154.0
1745,193.0,164.0,-43.15789473684209,154.0
1746,194.0,184.0,-48.42105263157895,154.0
1747,194.0,175.0,-46.05263157894736,154.0
1748,194.0,154.0,-40.52631578947368,154.0
1749,194.0,180.0,-47.36842105263158,154.0
1750,194.0,167.0,-43.94736842105264,154.0
1751,194.0,159.0,-41.8421052631579,154.0
1752,194.0,159.0,-41.84210526315789,154.0
1753,194.0,159.0,-41.842105263157876,154.0
1754,194.0,166.0,-43.68421052631577,154.0
1755,195.0,155.0,-40.78947368421051,154.0
1756,195.0,172.0,-45.263157894736835,154.0
1757,195.0,172.0,-45.263157894736835,154.0
1758,195.0,164.0,-43.15789473684209,154.0
1759,195.0,161.0,-42.36842105263156,154.0
1760,195.0,164.0,-43.1578947368421,154.0
1761,195.0,164.0,-43.1578947368421,154.0
1762,195.0,171.0,-44.99999999999999,154.0
1763,195.0,169.0,-44.473684210526315,154.0
1764,196.0,164.0,-43.15789473684209,154.0
1765,196.0,161.0,-42.36842105263156,154.0
1766,196.0,173.0,-45.52631578947368,154.0
1767,196.0,173.0,-45.526315789473685,154.0
1768,196.0,154.0,-40.52631578947368,154.0
1769,196.0,167.0,-43.947368421052644,154.0
1770,196.0,163.0,-42.89473684210525,154.0
1771,196.0,162.0,-42.63157894736842,154.0
1772,196.0,173.0,-45.52631578947368,154.0
1773,197.0,159.0,-41.84210526315788,154.0
1774,197.0,154.0,-40.52631578947368,154.0
1775,197.0,195.0,-51.315789473684184,154.0
1776,197.0,154.0,-40.52631578947368,154.0
1777,197.0,159.0,-41.84210526315788,154.0
1778,197.0,167.0,-43.94736842105262,154.0
1779,197.0,159.0,-41.84210526315788,154.0
1780,197.0,154.0,-40.52631578947368,154.0
1781,197.0,160.0,-42.105263157894726,154.0
1782,198.0,154.0,-40.52631578947368,154.0
1783,198.0,173.0,-45.526315789473664,154.0
1784,198.0,159.0,-41.84210526315789,154.0
1785,198.0,162.0,-42.63157894736842,154.0
1786,198.0,154.0,-40.52631578947368,154.0
1787,198.0,173.0,-45.52631578947367,154.0
1788,198.0,164.0,-43.1578947368421,154.0
1789,198.0,159.0,-41.84210526315788,154.0
1790,198.0,173.0,-45.52631578947367,154.0
1791,199.0,159.0,-41.84210526315789,154.0
1792,199.0,158.0,-41.57894736842105,154.0
1793,199.0,159.0,-41.84210526315789,154.0
1794,199.0,154.0,-40.52631578947368,154.0
1795,199.0,159.0,-41.84210526315788,154.0
1796,199.0,173.0,-45.52631578947367,154.0
1797,199.0,168.0,-44.21052631578946,154.0
1798,199.0,164.0,-43.15789473684208,154.0
1799,199.0,154.0,-40.52631578947368,154.0
1800,200.0,173.0,-45.52631578947366,154.0
1801,200.0,173.0,-45.52631578947367,154.0
1802,200.0,154.0,-40.52631578947368,154.0
1803,200.0,168.0,-44.21052631578945,154.0
1804,200.0,183.0,-48.1578947368421,154.0
1805,200.0,163.0,-42.89473684210525,154.0
1806,200.0,166.0,-43.68421052631577,154.0
1807,200.0,159.0,-41.84210526315788,154.0
1808,200.0,164.0,-43.157894736842096,154.0
1809,201.0,163.0,-42.89473684210525,154.0
1810,201.0,195.0,-51.3157894736842,154.0
1811,201.0,154.0,-40.526315789473685,154.0
1812,201.0,158.0,-41.57894736842104,154.0
1813,201.0,166.0,-43.68421052631579,154.0
1814,201.0,168.0,-44.21052631578947,154.0
1815,201.0,164.0,-43.1578947368421,154.0
1816,201.0,154.0,-40.52631578947368,154.0
1817,201.0,162.0,-42.63157894736841,154.0
1818,202.0,161.0,-42.36842105263156,154.0
1819,202.0,189.0,-49.73684210526315,154.0
1820,202.0,162.0,-42.63157894736841,154.0
1821,202.0,154.0,-40.52631578947368,154.0
1822,202.0,159.0,-41.8421052631579,154.0
1823,202.0,154.0,-40.52631578947368,154.0
1824,202.0,168.0,-44.21052631578947,154.0
1825,202.0,154.0,-40.52631578947368,154.0
1826,202.0,161.0,-42.368421052631575,154.0
1827,203.0,171.0,-44.999999999999986,154.0
1828,203.0,160.0,-42.10526315789474,154.0
1829,203.0,162.0,-42.63157894736841,154.0
1830,203.0,169.0,-44.473684210526315,154.0
1831,203.0,159.0,-41.842105263157904,154.0
1832,203.0,164.0,-43.15789473684209,154.0
1833,203.0,166.0,-43.68421052631577,154.0
1834,203.0,159.0,-41.84210526315788,154.0
1835,203.0,165.0,-43.421052631578945,154.0
1836,204.0,178.0,-46.84210526315789,154.0
1837,204.0,173.0,-45.52631578947368,154.0
1838,204.0,172.0,-45.26315789473684,154.0
1839,204.0,166.0,-43.68421052631578,154.0
1840,204.0,167.0,-43.94736842105261,154.0
1841,204.0,172.0,-45.26315789473683,154.0
1842,204.0,168.0,-44.210526315789465,154.0
1843,204.0,157.0,-41.3157894736842,154.0
1844,204.0,159.0,-41.84210526315788,154.0
1845,205.0,163.0,-42.894736842105246,154.0
1846,205.0,154.0,-40.52631578947368,154.0
1847,205.0,162.0,-42.63157894736843,154.0
1848,205.0,173.0,-45.526315789473685,154.0
1849,205.0,160.0,-42.105263157894726,154.0
1850,205.0,159.0,-41.84210526315788,154.0
1851,205.0,154.0,-40.52631578947368,154.0
1852,205.0,188.0,-49.473684210526294,154.0
1853,205.0,154.0,-40.526315789473664,154.0
1854,206.0,154.0,-40.52631578947368,154.0
1855,206.0,173.0,-45.52631578947367,154.0
1856,206.0,170.0,-44.73684210526315,154.0
1857,206.0,169.0,-44.47368421052631,154.0
1858,206.0,166.0,-43.68421052631577,154.0
1859,206.0,170.0,-44.73684210526316,154.0
1860,206.0,177.0,-46.57894736842106,154.0
1861,206.0,159.0,-41.84210526315787,154.0
1862,206.0,159.0,-41.84210526315788,154.0
1863,207.0,159.0,-41.84210526315788,154.0
1864,207.0,154.0,-40.52631578947368,154.0
1865,207.0,179.0,-47.10526315789474,154.0
1866,207.0,156.0,-41.05263157894736,154.0
1867,207.0,159.0,-41.84210526315788,154.0
1868,207.0,154.0,-40.52631578947368,154.0
1869,207.0,182.0,-47.89473684210526,154.0
1870,207.0,154.0,-40.52631578947368,154.0
1871,207.0,154.0,-40.52631578947368,154.0
1872,208.0,156.0,-41.05263157894735,154.0
1873,208.0,176.0,-46.31578947368419,154.0
1874,208.0,164.0,-43.15789473684209,154.0
1875,208.0,160.0,-42.10526315789473,154.0
1876,208.0,169.0,-44.473684210526294,154.0
1877,208.0,164.0,-43.1578947368421,154.0
1878,208.0,165.0,-43.42105263157893,154.0
1879,208.0,154.0,-40.52631578947368,154.0
1880,208.0,160.0,-42.105263157894726,154.0
1881,209.0,159.0,-41.84210526315788,154.0
1882,209.0,154.0,-40.52631578947368,154.0
1883,209.0,159.0,-41.84210526315788,154.0
1884,209.0,175.0,-46.05263157894735,154.0
1885,209.0,172.0,-45.26315789473683,154.0
1886,209.0,159.0,-41.8421052631579,154.0
1887,209.0,178.0,-46.8421052631579,154.0
1888,209.0,170.0,-44.73684210526315,154.0
1889,209.0,159.0,-41.842105263157876,154.0
1890,210.0,172.0,-45.263157894736835,154.0
1891,210.0,154.0,-40.52631578947368,154.0
1892,210.0,164.0,-43.15789473684209,154.0
1893,210.0,169.0,-44.473684210526315,154.0
1894,210.0,154.0,-40.52631578947368,154.0
1895,210.0,154.0,-40.52631578947368,154.0
1896,210.0,159.0,-41.84210526315788,154.0
1897,210.0,159.0,-41.842105263157876,154.0
1898,210.0,161.0,-42.36842105263157,154.0
1899,211.0,182.0,-47.894736842105246,154.0
1900,211.0,169.0,-44.47368421052631,154.0
1901,211.0,169.0,-44.47368421052631,154.0
1902,211.0,154.0,-40.52631578947368,154.0
1903,211.0,154.0,-40.526315789473685,154.0
1904,211.0,174.0,-45.7894736842105,154.0
1905,211.0,154.0,-40.52631578947368,154.0
1906,211.0,153.0,-40.263157894736835,153.0
1907,211.0,156.0,-41.05263157894735,153.0
1908,212.0,171.0,-44.99999999999999,153.0
1909,212.0,156.0,-41.05263157894735,153.0
1910,212.0,154.0,-40.52631578947368,153.0
1911,212.0,154.0,-40.52631578947368,153.0
1912,212.0,156.0,-41.05263157894735,153.0
1913,212.0,163.0,-42.894736842105246,153.0
1914,212.0,158.0,-41.57894736842105,153.0
1915,212.0,164.0,-43.157894736842096,153.0
1916,212.0,161.0,-42.36842105263157,153.0
1917,213.0,154.0,-40.52631578947368,153.0
1918,213.0,154.0,-40.52631578947368,153.0
1919,213.0,156.0,-41.05263157894735,153.0
1920,213.0,154.0,-40.52631578947368,153.0
1921,213.0,156.0,-41.05263157894735,153.0
1922,213.0,172.0,-45.263157894736835,153.0
1923,213.0,156.0,-41.052631578947356,153.0
1924,213.0,154.0,-40.52631578947368,153.0
1925,213.0,156.0,-41.05263157894736,153.0
1926,214.0,154.0,-40.52631578947368,153.0
1927,214.0,154.0,-40.526315789473685,153.0
1928,214.0,161.0,-42.36842105263156,153.0
1929,214.0,175.0,-46.052631578947356,153.0
1930,214.0,157.0,-41.31578947368419,153.0
1931,214.0,154.0,-40.52631578947368,153.0
1932,214.0,154.0,-40.52631578947368,153.0
1933,214.0,162.0,-42.63157894736842,153.0
1934,214.0,154.0,-40.52631578947368,153.0
1935,215.0,162.0,-42.63157894736841,153.0
1936,215.0,154.0,-40.52631578947368,153.0
1937,215.0,162.0,-42.631578947368425,153.0
1938,215.0,154.0,-40.52631578947368,153.0
1939,215.0,166.0,-43.68421052631578,153.0
1940,215.0,154.0,-40.52631578947368,153.0
1941,215.0,154.0,-40.52631578947368,153.0
1942,215.0,156.0,-41.05263157894735,153.0
1943,215.0,164.0,-43.1578947368421,153.0
1944,216.0,154.0,-40.52631578947368,153.0
1945,216.0,154.0,-40.52631578947368,153.0
1946,216.0,162.0,-42.6315789473684,153.0
1947,216.0,171.0,-45.00000000000001,153.0
1948,216.0,154.0,-40.52631578947368,153.0
1949,216.0,164.0,-43.1578947368421,153.0
1950,216.0,164.0,-43.15789473684211,153.0
1951,216.0,154.0,-40.52631578947368,153.0
1952,216.0,154.0,-40.52631578947368,153.0
1953,217.0,171.0,-44.99999999999999,153.0
1954,217.0,159.0,-41.84210526315789,153.0
1955,217.0,164.0,-43.15789473684211,153.0
1956,217.0,180.0,-47.36842105263157,153.0
1957,217.0,162.0,-42.6315789473684,153.0
1958,217.0,154.0,-40.52631578947368,153.0
1959,217.0,154.0,-40.52631578947368,153.0
1960,217.0,159.0,-41.84210526315789,153.0
1961,217.0,163.0,-42.89473684210523,153.0
1962,218.0,161.0,-42.36842105263158,153.0
1963,218.0,154.0,-40.52631578947368,153.0
1964,218.0,156.0,-41.05263157894735,153.0
1965,218.0,169.0,-44.473684210526315,153.0
1966,218.0,154.0,-40.52631578947368,153.0
1967,218.0,154.0,-40.52631578947368,153.0
1968,218.0,166.0,-43.68421052631579,153.0
1969,218.0,154.0,-40.52631578947368,153.0
1970,218.0,156.0,-41.05263157894735,153.0
1971,219.0,154.0,-40.52631578947368,153.0
1972,219.0,154.0,-40.526315789473664,153.0
1973,219.0,154.0,-40.52631578947368,153.0
1974,219.0,154.0,-40.52631578947368,153.0
1975,219.0,158.0,-41.57894736842105,153.0
1976,219.0,167.0,-43.94736842105261,153.0
1977,219.0,158.0,-41.57894736842105,153.0
1978,219.0,154.0,-40.52631578947368,153.0
1979,219.0,158.0,-41.57894736842105,153.0
1980,220.0,154.0,-40.52631578947368,153.0
1981,220.0,159.0,-41.84210526315789,153.0
1982,220.0,156.0,-41.05263157894735,153.0
1983,220.0,154.0,-40.52631578947368,153.0
1984,220.0,159.0,-41.84210526315789,153.0
1985,220.0,154.0,-40.52631578947368,153.0
1986,220.0,177.0,-46.57894736842106,153.0
1987,220.0,154.0,-40.52631578947368,153.0
1988,220.0,154.0,-40.52631578947368,153.0
1989,221.0,154.0,-40.52631578947368,153.0
1990,221.0,154.0,-40.52631578947367,153.0
1991,221.0,154.0,-40.52631578947368,153.0
1992,221.0,154.0,-40.52631578947368,153.0
1993,221.0,154.0,-40.52631578947368,153.0
1994,221.0,154.0,-40.52631578947368,153.0
1995,221.0,171.0,-45.0,153.0
1996,221.0,154.0,-40.52631578947368,153.0
1997,221.0,154.0,-40.52631578947368,153.0
1998,222.0,165.0,-43.42105263157894,153.0
1999,222.0,157.0,-41.3157894736842,153.0
2000,222.0,168.0,-44.21052631578945,153.0
2001,222.0,154.0,-40.52631578947368,153.0
2002,222.0,175.0,-46.05263157894735,153.0
2003,222.0,162.0,-42.63157894736842,153.0
2004,222.0,164.0,-43.15789473684209,153.0
2005,222.0,163.0,-42.894736842105246,153.0
2006,222.0,154.0,-40.52631578947368,153.0
2007,223.0,154.0,-40.52631578947368,153.0
2008,223.0,154.0,-40.52631578947368,153.0
2009,223.0,154.0,-40.52631578947368,153.0
2010,223.0,162.0,-42.63157894736841,153.0
2011,223.0,154.0,-40.52631578947368,153.0
2012,223.0,154.0,-40.52631578947368,153.0
2013,223.0,154.0,-40.52631578947368,153.0
2014,223.0,158.0,-41.57894736842105,153.0
2015,223.0,158.0,-41.57894736842105,153.0
2016,224.0,154.0,-40.52631578947368,153.0
2017,224.0,175.0,-46.052631578947356,153.0
2018,224.0,154.0,-40.52631578947368,153.0
2019,224.0,172.0,-45.26315789473683,153.0
2020,224.0,156.0,-41.05263157894735,153.0
2021,224.0,159.0,-41.842105263157876,153.0
2022,224.0,154.0,-40.52631578947368,153.0
2023,224.0,154.0,-40.52631578947368,153.0
2024,224.0,156.0,-41.05263157894735,153.0
2025,225.0,154.0,-40.52631578947368,153.0
2026,225.0,160.0,-42.105263157894726,153.0
2027,225.0,154.0,-40.52631578947368,153.0
2028,225.0,154.0,-40.52631578947368,153.0
2029,225.0,154.0,-40.52631578947368,153.0
2030,225.0,154.0,-40.52631578947368,153.0
2031,225.0,161.0,-42.36842105263157,153.0
2032,225.0,154.0,-40.52631578947368,153.0
2033,225.0,154.0,-40.52631578947368,153.0
2034,226.0,159.0,-41.84210526315788,153.0
2035,226.0,154.0,-40.52631578947368,153.0
2036,226.0,154.0,-40.52631578947368,153.0
2037,226.0,154.0,-40.52631578947368,153.0
2038,226.0,154.0,-40.52631578947368,153.0
2039,226.0,173.0,-45.52631578947367,153.0
2040,226.0,164.0,-43.1578947368421,153.0
2041,226.0,154.0,-40.52631578947368,153.0
2042,226.0,154.0,-40.52631578947368,153.0
2043,227.0,154.0,-40.52631578947368,153.0
2044,227.0,154.0,-40.52631578947368,153.0
2045,227.0,154.0,-40.52631578947368,153.0
2046,227.0,162.0,-42.6315789473684,153.0
2047,227.0,154.0,-40.52631578947368,153.0
2048,227.0,154.0,-40.52631578947368,153.0
2049,227.0,183.0,-48.1578947368421,153.0
2050,227.0,175.0,-46.05263157894737,153.0
2051,227.0,154.0,-40.52631578947368,153.0
2052,228.0,154.0,-40.52631578947368,153.0
2053,228.0,154.0,-40.52631578947368,153.0
2054,228.0,166.0,-43.68421052631577,153.0
2055,228.0,154.0,-40.52631578947368,153.0
2056,228.0,154.0,-40.52631578947368,153.0
2057,228.0,154.0,-40.52631578947368,153.0
2058,228.0,154.0,-40.52631578947368,153.0
2059,228.0,162.0,-42.6315789473684,153.0
2060,228.0,160.0,-42.10526315789473,153.0
2061,229.0,154.0,-40.52631578947368,153.0
2062,229.0,154.0,-40.52631578947368,153.0
2063,229.0,199.0,-52.36842105263158,153.0
2064,229.0,154.0,-40.52631578947368,153.0
2065,229.0,154.0,-40.52631578947368,153.0
2066,229.0,187.0,-49.21052631578946,153.0
2067,229.0,154.0,-40.52631578947368,153.0
2068,229.0,154.0,-40.52631578947368,153.0
2069,229.0,154.0,-40.52631578947368,153.0
2070,230.0,154.0,-40.52631578947368,153.0
2071,230.0,154.0,-40.52631578947368,153.0
2072,230.0,167.0,-43.94736842105262,153.0
2073,230.0,154.0,-40.52631578947368,153.0
2074,230.0,157.0,-41.31578947368419,153.0
2075,230.0,166.0,-43.68421052631577,153.0
2076,230.0,154.0,-40.52631578947368,153.0
2077,230.0,156.0,-41.05263157894735,153.0
2078,230.0,154.0,-40.52631578947368,153.0
2079,231.0,171.0,-44.99999999999999,153.0
2080,231.0,154.0,-40.52631578947368,153.0
2081,231.0,154.0,-40.52631578947368,153.0
2082,231.0,154.0,-40.52631578947368,153.0
2083,231.0,154.0,-40.52631578947368,153.0
2084,231.0,154.0,-40.52631578947368,153.0
2085,231.0,154.0,-40.52631578947368,153.0
2086,231.0,154.0,-40.52631578947368,153.0
2087,231.0,154.0,-40.52631578947368,153.0
2088,232.0,159.0,-41.84210526315789,153.0
2089,232.0,164.0,-43.157894736842096,153.0
2090,232.0,167.0,-43.94736842105262,153.0
2091,232.0,154.0,-40.52631578947368,153.0
2092,232.0,172.0,-45.263157894736835,153.0
2093,232.0,164.0,-43.15789473684208,153.0
2094,232.0,159.0,-41.84210526315788,153.0
2095,232.0,159.0,-41.84210526315788,153.0
2096,232.0,167.0,-43.947368421052616,153.0
2097,233.0,159.0,-41.84210526315789,153.0
2098,233.0,164.0,-43.15789473684211,153.0
2099,233.0,164.0,-43.157894736842074,153.0
2100,233.0,154.0,-40.52631578947368,153.0
2101,233.0,154.0,-40.52631578947368,153.0
2102,233.0,168.0,-44.21052631578947,153.0
2103,233.0,159.0,-41.84210526315788,153.0
2104,233.0,159.0,-41.842105263157876,153.0
2105,233.0,154.0,-40.52631578947368,153.0
2106,234.0,154.0,-40.52631578947368,153.0
2107,234.0,154.0,-40.52631578947368,153.0
2108,234.0,160.0,-42.105263157894726,153.0
2109,234.0,168.0,-44.21052631578946,153.0
2110,234.0,154.0,-40.52631578947368,153.0
2111,234.0,154.0,-40.52631578947368,153.0
2112,234.0,154.0,-40.52631578947368,153.0
2113,234.0,174.0,-45.78947368421053,153.0
2114,234.0,154.0,-40.526315789473664,153.0
2115,235.0,154.0,-40.52631578947368,153.0
2116,235.0,170.0,-44.736842105263165,153.0
2117,235.0,164.0,-43.15789473684211,153.0
2118,235.0,154.0,-40.526315789473664,153.0
2119,235.0,156.0,-41.052631578947356,153.0
2120,235.0,154.0,-40.526315789473685,153.0
2121,235.0,170.0,-44.73684210526316,153.0
2122,235.0,154.0,-40.52631578947368,153.0
2123,235.0,154.0,-40.52631578947368,153.0
2124,236.0,154.0,-40.52631578947368,153.0
2125,236.0,154.0,-40.52631578947368,153.0
2126,236.0,154.0,-40.52631578947368,153.0
2127,236.0,154.0,-40.52631578947368,153.0
2128,236.0,154.0,-40.52631578947368,153.0
2129,236.0,154.0,-40.52631578947368,153.0
2130,236.0,164.0,-43.15789473684211,153.0
2131,236.0,154.0,-40.52631578947368,153.0
2132,236.0,154.0,-40.52631578947368,153.0
2133,237.0,154.0,-40.52631578947368,153.0
2134,237.0,165.0,-43.42105263157895,153.0
2135,237.0,159.0,-41.842105263157876,153.0
2136,237.0,154.0,-40.52631578947368,153.0
2137,237.0,168.0,-44.21052631578947,153.0
2138,237.0,154.0,-40.52631578947368,153.0
2139,237.0,154.0,-40.52631578947368,153.0
2140,237.0,154.0,-40.52631578947368,153.0
2141,237.0,159.0,-41.84210526315788,153.0
2142,238.0,164.0,-43.15789473684209,153.0
2143,238.0,159.0,-41.842105263157876,153.0
2144,238.0,159.0,-41.84210526315788,153.0
2145,238.0,168.0,-44.210526315789465,153.0
2146,238.0,154.0,-40.52631578947368,153.0
2147,238.0,154.0,-40.52631578947368,153.0
2148,238.0,154.0,-40.52631578947368,153.0
2149,238.0,154.0,-40.52631578947368,153.0
2150,238.0,179.0,-47.10526315789474,153.0
2151,239.0,154.0,-40.52631578947368,153.0
2152,239.0,154.0,-40.52631578947368,153.0
2153,239.0,154.0,-40.52631578947368,153.0
2154,239.0,154.0,-40.52631578947368,153.0
2155,239.0,154.0,-40.52631578947368,153.0
2156,239.0,154.0,-40.52631578947368,153.0
2157,239.0,154.0,-40.52631578947368,153.0
2158,239.0,154.0,-40.52631578947368,153.0
2159,239.0,154.0,-40.52631578947368,153.0
2160,240.0,159.0,-41.84210526315789,153.0
2161,240.0,173.0,-45.52631578947367,153.0
2162,240.0,159.0,-41.842105263157876,153.0
2163,240.0,168.0,-44.21052631578945,153.0
2164,240.0,154.0,-40.52631578947368,153.0
2165,240.0,158.0,-41.57894736842105,153.0
2166,240.0,167.0,-43.94736842105263,153.0
2167,240.0,180.0,-47.36842105263156,153.0
2168,240.0,154.0,-40.52631578947368,153.0
2169,241.0,173.0,-45.52631578947367,153.0
2170,241.0,158.0,-41.57894736842105,153.0
2171,241.0,159.0,-41.84210526315789,153.0
2172,241.0,179.0,-47.10526315789474,153.0
2173,241.0,168.0,-44.210526315789465,153.0
2174,241.0,154.0,-40.52631578947368,153.0
2175,241.0,154.0,-40.52631578947368,153.0
2176,241.0,154.0,-40.52631578947368,153.0
2177,241.0,154.0,-40.52631578947368,153.0
2178,242.0,154.0,-40.52631578947368,153.0
2179,242.0,161.0,-42.36842105263157,153.0
2180,242.0,154.0,-40.52631578947368,153.0
2181,242.0,154.0,-40.52631578947368,153.0
2182,242.0,154.0,-40.52631578947368,153.0
2183,242.0,154.0,-40.52631578947368,153.0
2184,242.0,175.0,-46.05263157894734,153.0
2185,242.0,154.0,-40.52631578947368,153.0
2186,242.0,154.0,-40.52631578947368,153.0
2187,243.0,154.0,-40.52631578947368,153.0
2188,243.0,157.0,-41.3157894736842,153.0
2189,243.0,159.0,-41.84210526315788,153.0
2190,243.0,154.0,-40.52631578947368,153.0
2191,243.0,154.0,-40.52631578947368,153.0
2192,243.0,176.0,-46.3157894736842,153.0
2193,243.0,154.0,-40.52631578947368,153.0
2194,243.0,154.0,-40.52631578947368,153.0
2195,243.0,154.0,-40.52631578947368,153.0
2196,244.0,157.0,-41.31578947368419,153.0
2197,244.0,171.0,-44.99999999999998,153.0
2198,244.0,159.0,-41.842105263157876,153.0
2199,244.0,173.0,-45.52631578947368,153.0
2200,244.0,154.0,-40.52631578947368,153.0
2201,244.0,159.0,-41.84210526315789,153.0
2202,244.0,163.0,-42.894736842105246,153.0
2203,244.0,159.0,-41.84210526315788,153.0
2204,244.0,178.0,-46.84210526315789,153.0
2205,245.0,154.0,-40.52631578947368,153.0
2206,245.0,168.0,-44.210526315789465,153.0
2207,245.0,159.0,-41.84210526315788,153.0
2208,245.0,154.0,-40.52631578947368,153.0
2209,245.0,160.0,-42.10526315789472,153.0
2210,245.0,154.0,-40.52631578947368,153.0
2211,245.0,169.0,-44.4736842105263,153.0
2212,245.0,159.0,-41.84210526315788,153.0
2213,245.0,154.0,-40.52631578947368,153.0
2214,246.0,154.0,-40.52631578947368,153.0
2215,246.0,154.0,-40.52631578947368,153.0
2216,246.0,163.0,-42.89473684210524,153.0
2217,246.0,163.0,-42.894736842105246,153.0
2218,246.0,159.0,-41.84210526315788,153.0
2219,246.0,154.0,-40.52631578947368,153.0
2220,246.0,154.0,-40.52631578947368,153.0
2221,246.0,154.0,-40.52631578947368,153.0
2222,246.0,154.0,-40.52631578947368,153.0
2223,247.0,154.0,-40.52631578947368,153.0
2224,247.0,179.0,-47.10526315789474,153.0
2225,247.0,154.0,-40.52631578947368,153.0
2226,247.0,154.0,-40.52631578947368,153.0
2227,247.0,154.0,-40.52631578947368,153.0
2228,247.0,154.0,-40.52631578947368,153.0
2229,247.0,154.0,-40.52631578947368,153.0
2230,247.0,173.0,-45.52631578947367,153.0
2231,247.0,183.0,-48.157894736842096,153.0
2232,248.0,154.0,-40.52631578947368,153.0
2233,248.0,154.0,-40.52631578947368,153.0
2234,248.0,158.0,-41.57894736842105,153.0
2235,248.0,158.0,-41.57894736842105,153.0
2236,248.0,158.0,-41.57894736842105,153.0
2237,248.0,154.0,-40.52631578947368,153.0
2238,248.0,154.0,-40.52631578947368,153.0
2239,248.0,159.0,-41.84210526315788,153.0
2240,248.0,165.0,-43.42105263157894,153.0
2241,249.0,154.0,-40.52631578947368,153.0
2242,249.0,154.0,-40.52631578947368,153.0
2243,249.0,154.0,-40.52631578947368,153.0
2244,249.0,154.0,-40.52631578947368,153.0
2245,249.0,154.0,-40.52631578947368,153.0
2246,249.0,154.0,-40.52631578947368,153.0
2247,249.0,154.0,-40.52631578947368,153.0
2248,249.0,154.0,-40.52631578947368,153.0
2249,249.0,154.0,-40.52631578947368,153.0
2250,250.0,154.0,-40.52631578947368,153.0
2251,250.0,154.0,-40.52631578947368,153.0
2252,250.0,154.0,-40.52631578947368,153.0
2253,250.0,154.0,-40.52631578947368,153.0
2254,250.0,154.0,-40.52631578947368,153.0
2255,250.0,154.0,-40.52631578947368,153.0
2256,250.0,154.0,-40.52631578947368,153.0
2257,250.0,154.0,-40.52631578947368,153.0
2258,250.0,154.0,-40.52631578947368,153.0
2259,251.0,154.0,-40.52631578947368,153.0
2260,251.0,159.0,-41.842105263157876,153.0
2261,251.0,154.0,-40.52631578947368,153.0
2262,251.0,154.0,-40.52631578947368,153.0
2263,251.0,154.0,-40.52631578947368,153.0
2264,251.0,154.0,-40.52631578947368,153.0
2265,251.0,154.0,-40.52631578947368,153.0
2266,251.0,154.0,-40.52631578947368,153.0
2267,251.0,154.0,-40.52631578947368,153.0
2268,252.0,154.0,-40.52631578947368,153.0
2269,252.0,154.0,-40.52631578947368,153.0
2270,252.0,154.0,-40.52631578947368,153.0
2271,252.0,154.0,-40.52631578947368,153.0
2272,252.0,154.0,-40.52631578947368,153.0
2273,252.0,154.0,-40.52631578947368,153.0
2274,252.0,154.0,-40.52631578947368,153.0
2275,252.0,154.0,-40.52631578947368,153.0
2276,252.0,154.0,-40.52631578947368,153.0
2277,253.0,154.0,-40.52631578947368,153.0
2278,253.0,159.0,-41.84210526315788,153.0
2279,253.0,154.0,-40.52631578947368,153.0
2280,253.0,154.0,-40.52631578947368,153.0
2281,253.0,157.0,-41.3157894736842,153.0
2282,253.0,154.0,-40.52631578947368,153.0
2283,253.0,162.0,-42.6315789473684,153.0
2284,253.0,154.0,-40.52631578947368,153.0
2285,253.0,154.0,-40.52631578947368,153.0
2286,254.0,154.0,-40.52631578947368,153.0
2287,254.0,159.0,-41.84210526315788,153.0
2288,254.0,154.0,-40.52631578947368,153.0
2289,254.0,154.0,-40.52631578947368,153.0
2290,254.0,154.0,-40.52631578947368,153.0
2291,254.0,154.0,-40.52631578947368,153.0
2292,254.0,159.0,-41.842105263157876,153.0
2293,254.0,181.0,-47.63157894736841,153.0
2294,254.0,154.0,-40.52631578947368,153.0
2295,255.0,161.0,-42.36842105263157,153.0
2296,255.0,154.0,-40.52631578947368,153.0
2297,255.0,154.0,-40.52631578947368,153.0
2298,255.0,154.0,-40.52631578947368,153.0
2299,255.0,154.0,-40.52631578947368,153.0
2300,255.0,172.0,-45.26315789473681,153.0
2301,255.0,180.0,-47.36842105263156,153.0
2302,255.0,154.0,-40.52631578947368,153.0
2303,255.0,154.0,-40.52631578947368,153.0
2304,256.0,154.0,-40.52631578947368,153.0
2305,256.0,154.0,-40.52631578947368,153.0
2306,256.0,154.0,-40.52631578947368,153.0
2307,256.0,159.0,-41.84210526315788,153.0
2308,256.0,154.0,-40.52631578947368,153.0
2309,256.0,154.0,-40.52631578947368,153.0
2310,256.0,154.0,-40.52631578947368,153.0
2311,256.0,154.0,-40.52631578947368,153.0
2312,256.0,154.0,-40.52631578947368,153.0
2313,257.0,154.0,-40.52631578947368,153.0
2314,257.0,154.0,-40.52631578947368,153.0
2315,257.0,166.0,-43.684210526315795,153.0
2316,257.0,154.0,-40.52631578947368,153.0
2317,257.0,154.0,-40.52631578947368,153.0
2318,257.0,167.0,-43.94736842105263,153.0
2319,257.0,172.0,-45.26315789473684,153.0
2320,257.0,162.0,-42.6315789473684,153.0
2321,257.0,154.0,-40.52631578947368,153.0
2322,258.0,154.0,-40.52631578947368,153.0
2323,258.0,154.0,-40.52631578947368,153.0
2324,258.0,154.0,-40.52631578947368,153.0
2325,258.0,154.0,-40.52631578947368,153.0
2326,258.0,154.0,-40.52631578947368,153.0
2327,258.0,154.0,-40.52631578947368,153.0
2328,258.0,171.0,-44.99999999999999,153.0
2329,258.0,154.0,-40.52631578947368,153.0
2330,258.0,154.0,-40.52631578947368,153.0
2331,259.0,154.0,-40.52631578947368,153.0
2332,259.0,154.0,-40.52631578947368,153.0
2333,259.0,154.0,-40.52631578947368,153.0
2334,259.0,159.0,-41.84210526315788,153.0
2335,259.0,171.0,-44.999999999999986,153.0
2336,259.0,164.0,-43.15789473684209,153.0
2337,259.0,154.0,-40.52631578947368,153.0
2338,259.0,154.0,-40.52631578947368,153.0
2339,259.0,161.0,-42.36842105263157,153.0
2340,260.0,154.0,-40.52631578947368,153.0
2341,260.0,154.0,-40.52631578947368,153.0
2342,260.0,160.0,-42.105263157894726,153.0
2343,260.0,154.0,-40.52631578947368,153.0
2344,260.0,154.0,-40.52631578947368,153.0
2345,260.0,154.0,-40.52631578947368,153.0
2346,260.0,154.0,-40.52631578947368,153.0
2347,260.0,154.0,-40.52631578947368,153.0
2348,260.0,154.0,-40.52631578947368,153.0
2349,261.0,154.0,-40.52631578947368,153.0
2350,261.0,154.0,-40.52631578947368,153.0
2351,261.0,154.0,-40.52631578947368,153.0
2352,261.0,154.0,-40.52631578947368,153.0
2353,261.0,154.0,-40.52631578947368,153.0
2354,261.0,154.0,-40.52631578947368,153.0
2355,261.0,154.0,-40.52631578947368,153.0
2356,261.0,154.0,-40.52631578947368,153.0
2357,261.0,154.0,-40.52631578947368,153.0
2358,262.0,154.0,-40.52631578947368,153.0
2359,262.0,154.0,-40.52631578947368,153.0
2360,262.0,154.0,-40.52631578947368,153.0
2361,262.0,154.0,-40.52631578947368,153.0
2362,262.0,154.0,-40.52631578947368,153.0
2363,262.0,154.0,-40.52631578947368,153.0
2364,262.0,154.0,-40.52631578947368,153.0
2365,262.0,154.0,-40.52631578947368,153.0
2366,262.0,154.0,-40.52631578947368,153.0
2367,263.0,154.0,-40.52631578947368,153.0
2368,263.0,154.0,-40.52631578947368,153.0
2369,263.0,154.0,-40.52631578947368,153.0
2370,263.0,154.0,-40.52631578947368,153.0
2371,263.0,154.0,-40.52631578947368,153.0
2372,263.0,154.0,-40.52631578947368,153.0
2373,263.0,154.0,-40.52631578947368,153.0
2374,263.0,154.0,-40.52631578947368,153.0
2375,263.0,154.0,-40.52631578947368,153.0
